title,url
Cucumber Sandwiches with Fresh Goat Cheese ,https://eatsmarter.com/recipes/cucumber-sandwiches-with-fresh-goat-cheese
Smoked Trout Tartare with Avocado Mango Salsa ,https://eatsmarter.com/recipes/smoked-trout-tartare-with-avocado-mango-salsa
Basic Tofu Recipe ,https://eatsmarter.com/recipes/basic-tofu-recipe
Grilled Watermelon with Herbed Ricotta ,https://eatsmarter.com/recipes/grilled-watermelon-with-herbed-ricotta
Egg Bites with Smoked Salmon and Broccoli ,https://eatsmarter.com/recipes/egg-bites-with-smoked-salmon-and-broccoli
Lemon Energy Balls with Coconut ,https://eatsmarter.com/recipes/lemon-energy-balls-with-coconut
Apple Peanut Butter Sandwich ,https://eatsmarter.com/recipes/apple-peanut-butter-sandwich
Brazilian Fish Stew ,https://eatsmarter.com/recipes/brazilian-fish-stew
Yogurt Cream with Berries ,https://eatsmarter.com/recipes/yogurt-cream-with-berries
Carrot Noodles with Mushrooms ,https://eatsmarter.com/recipes/carrot-noodles-with-mushrooms
Cucumber-Radish Salad with Feta ,https://eatsmarter.com/recipes/cucumber-radish-salad-with-feta
Salmon with Strawberry Ragout ,https://eatsmarter.com/recipes/salmon-with-strawberry-ragout
Salmon Steak on Kohlrabi Salad ,https://eatsmarter.com/recipes/salmon-steak-on-kohlrabi-salad
Keto Tofu Vegetable Curry with Cauliflower Rice ,https://eatsmarter.com/recipes/keto-tofu-vegetable-curry-with-cauliflower-rice
Vegan Tomato Spread ,https://eatsmarter.com/recipes/vegan-tomato-spread
Easy Beef Stroganoff ,https://eatsmarter.com/recipes/easy-beef-stroganoff
Arugula Salmon Bowl ,https://eatsmarter.com/recipes/arugula-salmon-bowl
Deviled Eggs with Beets and Capers ,https://eatsmarter.com/recipes/deviled-eggs-with-beets-and-capers
Tuna Tartare ,https://eatsmarter.com/recipes/tuna-tartare-0
Steamed Fish Fillet ,https://eatsmarter.com/recipes/steamed-fish-fillet
Grilled Rosemary Mahi-Mahi ,https://eatsmarter.com/recipes/grilled-rosemary-mahi-mahi
"Portobello with Gorgonzola, Walnuts and Pear ",https://eatsmarter.com/recipes/portobello-with-gorgonzola-walnuts-and-pear
Keto-Cracker with Spicy Cheese Dip ,https://eatsmarter.com/recipes/keto-cracker-with-spicy-cheese-dip
Leek Tofu and Cheese Soup ,https://eatsmarter.com/recipes/leek-tofu-and-cheese-soup
Easy Goulash ,https://eatsmarter.com/recipes/easy-goulash
Pumpkin Ginger Soup ,https://eatsmarter.com/recipes/pumpkin-ginger-soup
Vegan Zucchini Noodles ,https://eatsmarter.com/recipes/vegan-zucchini-noodles
Beef Goulash with Herbs ,https://eatsmarter.com/recipes/beef-goulash-with-herbs
Low Carb Hazelnut Macaroons ,https://eatsmarter.com/recipes/low-carb-hazelnut-macaroons
Coconut Cashew Ice Cream with Strawberries ,https://eatsmarter.com/recipes/coconut-cashew-ice-cream-with-strawberries
Avocado Cream Crab Salad ,https://eatsmarter.com/recipes/avocado-cream-crab-salad
Cauliflower Crust Pizza Roll ,https://eatsmarter.com/recipes/cauliflower-crust-pizza-roll
Zucchini Carpaccio with Basil and Ricotta ,https://eatsmarter.com/recipes/zucchini-carpaccio-with-basil-and-ricotta
Monkfish Cutlets ,https://eatsmarter.com/recipes/monkfish-cutlets
Roasted Garlic Soup ,https://eatsmarter.com/recipes/roasted-garlic-soup
Crunchy Oat and Mango Breakfast Bowl ,https://eatsmarter.com/recipes/crunchy-oat-and-mango-breakfast-bowl
Coconut Papaya Bar ,https://eatsmarter.com/recipes/coconut-papaya-bar
Spicy Almond Cashew Mix ,https://eatsmarter.com/recipes/spicy-almond-cashew-mix
Salmon with Parsley Walnut Pesto ,https://eatsmarter.com/recipes/salmon-with-parsley-walnut-pesto
Kale Avocado Chili Dip with Keto Crackers ,https://eatsmarter.com/recipes/kale-avocado-chili-dip-with-keto-crackers
Sheet Pan Zucchini with Feta ,https://eatsmarter.com/recipes/sheet-pan-zucchini-with-feta
Grilled Salmon with Tomato Salad ,https://eatsmarter.com/recipes/grilled-salmon-with-tomato-salad
Traditional Greek Salad ,https://eatsmarter.com/recipes/traditional-greek-salad
Broccoli Salad with Goat Cheese ,https://eatsmarter.com/recipes/broccoli-salad-with-goat-cheese
Tofu Curry with Green Vegetables ,https://eatsmarter.com/recipes/tofu-curry-with-green-vegetables
"Polenta Pizza with Goat Cheese, Figs and Grapes ",https://eatsmarter.com/recipes/polenta-pizza-with-goat-cheese-figs-and-grapes
Spicy Carrot Protein Bread ,https://eatsmarter.com/recipes/spicy-carrot-protein-bread
Beef Skewers with Green Asparagus ,https://eatsmarter.com/recipes/beef-skewers-with-green-asparagus
Chicken and Vegetable Skewers ,https://eatsmarter.com/recipes/chicken-and-vegetable-skewers
Steak Tartare Patties ,https://eatsmarter.com/recipes/steak-tartare-patties
Greek Style Cod Fillets ,https://eatsmarter.com/recipes/greek-style-cod-fillets
Radicchio and Romaine with Avocado ,https://eatsmarter.com/recipes/radicchio-and-romaine-with-avocado
Grilled Feta ,https://eatsmarter.com/recipes/grilled-feta
Turnip Kale Curry with Chicken ,https://eatsmarter.com/recipes/turnip-kale-curry-with-chicken
Radish Green Pesto ,https://eatsmarter.com/recipes/radish-green-pesto
Grilled Halloumi and Zucchini with Berry Salsa ,https://eatsmarter.com/recipes/grilled-halloumi-and-zucchini-with-berry-salsa
Keto Porridge with Blackberries ,https://eatsmarter.com/recipes/keto-porridge-with-blackberries
Zucchini with Lemon Sauce and Feta ,https://eatsmarter.com/recipes/zucchini-with-lemon-sauce-and-feta
Halloween Meatball Spiders ,https://eatsmarter.com/recipes/halloween-meatball-spiders
Grilled Eggplant with Pomegranate and Mozzarella ,https://eatsmarter.com/recipes/grilled-eggplant-with-pomegranate-and-mozzarella
Beef Stir-Fry with Leek and Eggplant ,https://eatsmarter.com/recipes/beef-stir-fry-with-leek-and-eggplant
"Turkey Breast with Olives, Feta and Tomatoes ",https://eatsmarter.com/recipes/turkey-breast-with-olives-feta-and-tomatoes
Scallion Spring Rolls ,https://eatsmarter.com/recipes/scallion-spring-rolls
Buttermilk Chicken with Vegetables ,https://eatsmarter.com/recipes/buttermilk-chicken-with-vegetables
Japanese Pumpkin Soup ,https://eatsmarter.com/recipes/japanese-pumpkin-soup
Grilled Watermelon with Goat Cheese ,https://eatsmarter.com/recipes/grilled-watermelon-with-goat-cheese
Tamarind Chicken Skewers ,https://eatsmarter.com/recipes/tamarind-chicken-skewers
Ahi Tuna Ginger Dumplings ,https://eatsmarter.com/recipes/ahi-tuna-ginger-dumplings
Deviled Eggs with Caviar ,https://eatsmarter.com/recipes/deviled-eggs-with-caviar
Fried Mini Peppers ,https://eatsmarter.com/recipes/fried-mini-peppers
Asian Chicken Salad ,https://eatsmarter.com/recipes/asian-chicken-salad
Roasted Asparagus Salad ,https://eatsmarter.com/recipes/roasted-asparagus-salad
Salmon Tartare on Celery Root Fritters ,https://eatsmarter.com/recipes/salmon-tartare-on-celery-root-fritters
Goat Cheese and Spinach Salad ,https://eatsmarter.com/recipes/goat-cheese-and-spinach-salad
Ginger Cilantro Dipping Sauce ,https://eatsmarter.com/recipes/ginger-cilantro-dipping-sauce
Cocoa Coconut Macaroons ,https://eatsmarter.com/recipes/cocoa-coconut-macaroons
Garlic Herb Butter ,https://eatsmarter.com/recipes/garlic-herb-butter
Black Sesame Vanilla Ice Cream ,https://eatsmarter.com/recipes/black-sesame-vanilla-ice-cream
Grilled Squid Tubes ,https://eatsmarter.com/recipes/grilled-squid-tubes
Roasted Kale with Tzatziki Sauce ,https://eatsmarter.com/recipes/roasted-kale-with-tzatziki-sauce
Salmon and Green Beans ,https://eatsmarter.com/recipes/salmon-and-green-beans
Roast Salmon Salad with Cucumber and Dill ,https://eatsmarter.com/recipes/roast-salmon-salad-with-cucumber-and-dill
Thai Ginger Chicken Skewers ,https://eatsmarter.com/recipes/thai-ginger-chicken-skewers
Spicy Shrimp with White Asparagus ,https://eatsmarter.com/recipes/spicy-shrimp-with-white-asparagus
Zucchini and Tomato Gratin ,https://eatsmarter.com/recipes/zucchini-and-tomato-gratin
Omelettes with Zucchini and Cherry Tomatoes ,https://eatsmarter.com/recipes/omelettes-with-zucchini-and-cherry-tomatoes
Kale Salad with Shrimp and Avocado ,https://eatsmarter.com/recipes/kale-salad-with-shrimp-and-avocado
Grilled Zucchini Salad with Parmesan ,https://eatsmarter.com/recipes/grilled-zucchini-salad-with-parmesan
Pistachio-Crusted Rack of Lamb with Yogurt Sauce ,https://eatsmarter.com/recipes/pistachio-crusted-rack-of-lamb-with-yogurt-sauce
Zucchini Frittata Recipe ,https://eatsmarter.com/recipes/zucchini-frittata-recipe
Prosciutto with Figs ,https://eatsmarter.com/recipes/prosciutto-with-figs
Wild Mushroom Frittata ,https://eatsmarter.com/recipes/wild-mushroom-frittata
Sauteed Halibut with Zucchini ,https://eatsmarter.com/recipes/sauteed-halibut-with-zucchini
Kale Pesto with Hazelnuts ,https://eatsmarter.com/recipes/kale-pesto-with-hazelnuts
Cod Fillets in Tomato Leek Caper Sauce ,https://eatsmarter.com/recipes/cod-fillets-in-tomato-leek-caper-sauce
Crunchy Salad with Pesto Kale and Poached Eggs ,https://eatsmarter.com/recipes/crunchy-salad-with-pesto-kale-and-poached-eggs
Veggie Stuffed Portobello Mushrooms ,https://eatsmarter.com/recipes/veggie-stuffed-portobello-mushrooms
Chocolate Coconut Tart with Strawberries ,https://eatsmarter.com/recipes/chocolate-coconut-tart-with-strawberries
Tomato Salad with Vinaigrette ,https://eatsmarter.com/recipes/tomato-salad-with-vinaigrette
Asian Slaw with Grilled Chicken ,https://eatsmarter.com/recipes/asian-slaw-with-grilled-chicken
Cod with Carrots and Napa Cabbage ,https://eatsmarter.com/recipes/cod-with-carrots-and-napa-cabbage
Mediterranean Vegetable Broth ,https://eatsmarter.com/recipes/mediterranean-vegetable-broth
Watermelon Radish Salad ,https://eatsmarter.com/recipes/watermelon-radish-salad
Salmon with Daikon Radish Slaw ,https://eatsmarter.com/recipes/salmon-with-daikon-radish-slaw
Caviar Eggs ,https://eatsmarter.com/recipes/caviar-eggs
Chicken Miso Soup ,https://eatsmarter.com/recipes/chicken-miso-soup
Light Vegetable Stew ,https://eatsmarter.com/recipes/light-vegetable-stew
Easy Potato-Cheese Soup ,https://eatsmarter.com/recipes/easy-potato-cheese-soup
Thai Turkey Skewers ,https://eatsmarter.com/recipes/thai-turkey-skewers
Shrimp Vinaigrette ,https://eatsmarter.com/recipes/shrimp-vinaigrette
Watercress-Cucumber Salad ,https://eatsmarter.com/recipes/watercress-cucumber-salad
Soft Eggs ,https://eatsmarter.com/recipes/soft-eggs
Tuna-Zucchini Rolls ,https://eatsmarter.com/recipes/tuna-zucchini-rolls
Herb Salad with Eggs ,https://eatsmarter.com/recipes/herb-salad-with-eggs
Chili Cheddar Buns ,https://eatsmarter.com/recipes/chili-cheddar-buns
Asian-Style Spinach ,https://eatsmarter.com/recipes/asian-style-spinach
Salmon Perch Rolls ,https://eatsmarter.com/recipes/salmon-perch-rolls
Coconut-Chocolate Ice Cream with Chia Seeds ,https://eatsmarter.com/recipes/coconut-chocolate-ice-cream-with-chia-seeds
Easy Vegan Mayonnaise ,https://eatsmarter.com/recipes/easy-vegan-mayonnaise
Stuffed Kohlrabi Leaves with Feta and Tomatoes ,https://eatsmarter.com/recipes/stuffed-kohlrabi-leaves-with-feta-and-tomatoes
Almond Milk Lavender Latte ,https://eatsmarter.com/recipes/almond-milk-lavender-latte
Broccoli Pizza with Mushrooms and Blue Cheese ,https://eatsmarter.com/recipes/broccoli-pizza-with-mushrooms-and-blue-cheese
Keto-Bowl with Konjac Noodles and Peanut Sauce ,https://eatsmarter.com/recipes/keto-bowl-with-konjac-noodles-and-peanut-sauce
Herb Crusted Trout Filets with Parsnips and Carrots ,https://eatsmarter.com/recipes/herb-crusted-trout-filets-with-parsnips-and-carrots
Avocado Pesto ,https://eatsmarter.com/recipes/avocado-pesto
Low Carb Granola ,https://eatsmarter.com/recipes/low-carb-granola
Vegan Zucchini Pesto ,https://eatsmarter.com/recipes/vegan-zucchini-pesto
Pumpkin and Sausage Gratin ,https://eatsmarter.com/recipes/pumpkin-and-sausage-gratin
Indian Style Tandoori Chicken ,https://eatsmarter.com/recipes/indian-style-tandoori-chicken
Artichoke Dip with Tender Broccolini ,https://eatsmarter.com/recipes/artichoke-dip-with-tender-broccolini
Cucumber Salad with Tomatoes and Goat Cheese ,https://eatsmarter.com/recipes/cucumber-salad-with-tomatoes-and-goat-cheese
Herbed Tofu with Tomatoes ,https://eatsmarter.com/recipes/herbed-tofu-with-tomatoes
Stuffed Mushrooms with Arugula and Gorgonzola ,https://eatsmarter.com/recipes/stuffed-mushrooms-with-arugula-and-gorgonzola
Turkey with Almonds ,https://eatsmarter.com/recipes/turkey-with-almonds
Sautéed Parsley Mushrooms ,https://eatsmarter.com/recipes/sauteed-parsley-mushrooms
Pepper Basil Beef ,https://eatsmarter.com/recipes/pepper-basil-beef
Colorful Mixed Tomato Salad ,https://eatsmarter.com/recipes/colorful-mixed-tomato-salad
Spinach Salad with Brie and Pomegranate Seeds ,https://eatsmarter.com/recipes/spinach-salad-with-brie-and-pomegranate-seeds
Cabbage Gratin ,https://eatsmarter.com/recipes/cabbage-gratin
Halloween Deviled Eggs with Olives ,https://eatsmarter.com/recipes/halloween-deviled-eggs-with-olives
Baked Carp ,https://eatsmarter.com/recipes/baked-carp
Grilled Lobster with Passion Fruit Sauce ,https://eatsmarter.com/recipes/grilled-lobster-with-passion-fruit-sauce
Tofu and Mixed Vegetable Stir-Fry ,https://eatsmarter.com/recipes/tofu-and-mixed-vegetable-stir-fry
Roasted Pumpkin with Pumpkin Seeds ,https://eatsmarter.com/recipes/roasted-pumpkin-with-pumpkin-seeds
Grilled Cod with Beet Salad ,https://eatsmarter.com/recipes/grilled-cod-with-beet-salad
Easy Basil Pesto ,https://eatsmarter.com/recipes/easy-basil-pesto
Arugula Salad with Baked Salmon ,https://eatsmarter.com/recipes/arugula-salad-with-baked-salmon
Avocado Tomato Salad ,https://eatsmarter.com/recipes/avocado-tomato-salad
Roasted Pumpkin with Bacon ,https://eatsmarter.com/recipes/roasted-pumpkin-with-bacon
Butternut Squash and Feta Salad ,https://eatsmarter.com/recipes/butternut-squash-and-feta-salad
White Cabbage Cilantro Salad with Almonds ,https://eatsmarter.com/recipes/white-cabbage-cilantro-salad-with-almonds
Steamed Cod with Hazelnuts ,https://eatsmarter.com/recipes/steamed-cod-with-hazelnuts
Cream of Pumpkin Soup with Hazelnuts ,https://eatsmarter.com/recipes/cream-of-pumpkin-soup-with-hazelnuts
Mixed Salad with Cucumbers and Poached Egg ,https://eatsmarter.com/recipes/mixed-salad-with-cucumbers-and-poached-egg
Spinach Watermelon Salad with Beef ,https://eatsmarter.com/recipes/spinach-watermelon-salad-with-beef
Zucchini Stuffed with Feta ,https://eatsmarter.com/recipes/zucchini-stuffed-with-feta
"Spinach Salad with Blueberries, Almonds and Feta ",https://eatsmarter.com/recipes/spinach-salad-with-blueberries-almonds-and-feta
Omelet with Spinach and Asparagus ,https://eatsmarter.com/recipes/omelet-with-spinach-and-asparagus
Salmon Asparagus Parcels ,https://eatsmarter.com/recipes/salmon-asparagus-parcels
Avocado Salad with Sesame Tuna ,https://eatsmarter.com/recipes/avocado-salad-with-sesame-tuna
Steamed Salmon on Braised Vegetables ,https://eatsmarter.com/recipes/steamed-salmon-on-braised-vegetables
Baked Fennel with Walnuts ,https://eatsmarter.com/recipes/baked-fennel-with-walnuts
Cauliflower Frittata ,https://eatsmarter.com/recipes/cauliflower-frittata
Coconut Pea Soup ,https://eatsmarter.com/recipes/coconut-pea-soup
Hoisin Beef with Shiitake Mushrooms ,https://eatsmarter.com/recipes/hoisin-beef-with-shiitake-mushrooms
Cream of Vegetable Soup ,https://eatsmarter.com/recipes/cream-of-vegetable-soup
Zucchini Noodles with Salmon ,https://eatsmarter.com/recipes/zucchini-noodles-with-salmon
Low Carb Pizza with Cheese and Broccoli Crust ,https://eatsmarter.com/recipes/low-carb-pizza-with-cheese-and-broccoli-crust
Zucchini Omelet with Herbs ,https://eatsmarter.com/recipes/zucchini-omelet-with-herbs
Grilled Caesar Salad with Chicken ,https://eatsmarter.com/recipes/grilled-caesar-salad-with-chicken
Shrimp and Kale Bowl ,https://eatsmarter.com/recipes/shrimp-and-kale-bowl
Fillet of Lamb with Parsnip Noodles ,https://eatsmarter.com/recipes/fillet-of-lamb-with-parsnip-noodles
Sautéed Sesame Salmon with Bok Choy ,https://eatsmarter.com/recipes/sauteed-sesame-salmon-with-bok-choy
Roasted Pumpkin ,https://eatsmarter.com/recipes/roasted-pumpkin-1
Zoodles with Prawns ,https://eatsmarter.com/recipes/zoodles-with-prawns
Tuna Salad with Capers ,https://eatsmarter.com/recipes/tuna-salad-with-capers
Steamed Zucchini Blossoms ,https://eatsmarter.com/recipes/steamed-zucchini-blossoms
Fish Sausage ,https://eatsmarter.com/recipes/fish-sausage
Spicy Steak Salad ,https://eatsmarter.com/recipes/spicy-steak-salad
Moroccan Fish Skewers ,https://eatsmarter.com/recipes/moroccan-fish-skewers
Thai-Style Fish ,https://eatsmarter.com/recipes/thai-style-fish
Spicy Tuna Tacos ,https://eatsmarter.com/recipes/spicy-tuna-tacos
Crispy Ahi Tuna Tortilla Bites ,https://eatsmarter.com/recipes/crispy-ahi-tuna-tortilla-bites
Shrimp Skewers and Salad ,https://eatsmarter.com/recipes/shrimp-skewers-and-salad
Glazed Tuna Cubes ,https://eatsmarter.com/recipes/glazed-tuna-cubes
Mediterranean Fish and Vegetable Gratin ,https://eatsmarter.com/recipes/mediterranean-fish-and-vegetable-gratin
Stuffed Breast of Guinea Fowl ,https://eatsmarter.com/recipes/stuffed-breast-of-guinea-fowl
Sea Buckthorn-Sauerkraut Smoothie ,https://eatsmarter.com/recipes/sea-buckthorn-sauerkraut-smoothie
Marinated Sesame Tuna ,https://eatsmarter.com/recipes/marinated-sesame-tuna
Warm Asparagus Salad ,https://eatsmarter.com/recipes/warm-asparagus-salad
Golden Fried Scallops with Parsnips ,https://eatsmarter.com/recipes/golden-fried-scallops-with-parsnips
Whole Dover Sole with Lemon ,https://eatsmarter.com/recipes/whole-dover-sole-with-lemon
Curried Snapper ,https://eatsmarter.com/recipes/curried-snapper
Shrimp Soup ,https://eatsmarter.com/recipes/shrimp-soup
Potato-Mushroom Porridge with Meat ,https://eatsmarter.com/recipes/potato-mushroom-porridge-with-meat
Coconut-Lemongrass Soup ,https://eatsmarter.com/recipes/coconut-lemongrass-soup
Marinated Chicken Wings ,https://eatsmarter.com/recipes/marinated-chicken-wings
Japanese-Style Fillet of Sole ,https://eatsmarter.com/recipes/japanese-style-fillet-of-sole
Colorful Layered Salad ,https://eatsmarter.com/recipes/colorful-layered-salad
Stuffed Steak Rolls ,https://eatsmarter.com/recipes/stuffed-steak-rolls
Turkish Beef Skewers ,https://eatsmarter.com/recipes/turkish-beef-skewers
Lobster and Coconut Soup ,https://eatsmarter.com/recipes/lobster-and-coconut-soup
Creamy Watercress Soup ,https://eatsmarter.com/recipes/creamy-watercress-soup
Green Asparagus Soup ,https://eatsmarter.com/recipes/green-asparagus-soup
Smarter Oysters with Parsley Salsa Verde ,https://eatsmarter.com/recipes/smarter-oysters-with-parsley-salsa-verde
Herb Yogurt Dressing ,https://eatsmarter.com/recipes/herb-yogurt-dressing
Vegan Nut Nougat Cream ,https://eatsmarter.com/recipes/vegan-nut-nougat-cream
Healthy Vegetable Stock ,https://eatsmarter.com/recipes/healthy-vegetable-stock
Blackberry Goat Cheese Pizza ,https://eatsmarter.com/recipes/blackberry-goat-cheese-pizza
Onion Soup in a Glass ,https://eatsmarter.com/recipes/onion-soup-in-a-glass
Homemade Almond Milk Recipe ,https://eatsmarter.com/recipes/homemade-almond-milk-recipe
Italian Chia Pudding with Raspberries and Pistachios ,https://eatsmarter.com/recipes/italian-chia-pudding-with-raspberries-and-pistachios
Radicchio Salad with Peaches and Mozzarella ,https://eatsmarter.com/recipes/radicchio-salad-with-peaches-and-mozzarella
Sheet Pan Red Peppers and Burrata ,https://eatsmarter.com/recipes/sheet-pan-red-peppers-and-burrata
Grilled Fish Packets ,https://eatsmarter.com/recipes/grilled-fish-packets
Whole Trout in Foil ,https://eatsmarter.com/recipes/whole-trout-in-foil
Grilled Trout with Chimichurri Sauce ,https://eatsmarter.com/recipes/grilled-trout-with-chimichurri-sauce
Tuna Salad with Olives ,https://eatsmarter.com/recipes/tuna-salad-with-olives
Radish Parsley Salad ,https://eatsmarter.com/recipes/radish-parsley-salad
Mixed Vegetable Gratin with Herbs ,https://eatsmarter.com/recipes/mixed-vegetable-gratin-with-herbs
Arugula and Goat Cheese Salad ,https://eatsmarter.com/recipes/arugula-and-goat-cheese-salad
Lobster Cooked in Wine ,https://eatsmarter.com/recipes/lobster-cooked-in-wine
"Walnut, Arugula and Pomegranate Salad ",https://eatsmarter.com/recipes/walnut-arugula-and-pomegranate-salad
Baked Cod with Walnuts ,https://eatsmarter.com/recipes/baked-cod-with-walnuts
Marinated Chicken Fajitas ,https://eatsmarter.com/recipes/marinated-chicken-fajitas
"Fennel, Radicchio and Blue Cheese Salad ",https://eatsmarter.com/recipes/fennel-radicchio-and-blue-cheese-salad
Healthy Waffles ,https://eatsmarter.com/recipes/healthy-waffles
Sugar Free Coconut Petit Fours ,https://eatsmarter.com/recipes/sugar-free-coconut-petit-fours
"Roast Chicken with Herbs, Garlic and Lemon ",https://eatsmarter.com/recipes/roast-chicken-with-herbs-garlic-and-lemon
Bite-sized Tomatoes with Fillings ,https://eatsmarter.com/recipes/bite-sized-tomatoes-with-fillings
Vegetable Salmon Salad ,https://eatsmarter.com/recipes/vegetable-salmon-salad
Mixed Leaf Salad with Egg and Asparagus ,https://eatsmarter.com/recipes/mixed-leaf-salad-with-egg-and-asparagus
Artichokes with Roquefort Dip ,https://eatsmarter.com/recipes/artichokes-with-roquefort-dip
Asparagus with Salmon and Watercress Sauce ,https://eatsmarter.com/recipes/asparagus-with-salmon-and-watercress-sauce
Avocado and Cilantro Salad with Lime ,https://eatsmarter.com/recipes/avocado-and-cilantro-salad-with-lime
"Salad with Bacon, Egg and Parmesan ",https://eatsmarter.com/recipes/salad-with-bacon-egg-and-parmesan
Chili Vinaigrette ,https://eatsmarter.com/recipes/chili-vinaigrette
Greek Feta Salad ,https://eatsmarter.com/recipes/greek-feta-salad
Beef Tenderloin with Pomegranate Sauce ,https://eatsmarter.com/recipes/beef-tenderloin-with-pomegranate-sauce
Italian Marinated Olives ,https://eatsmarter.com/recipes/italian-marinated-olives
Salmon with Bok Choy ,https://eatsmarter.com/recipes/salmon-with-bok-choy
Asparagus Quiche with Strawberries ,https://eatsmarter.com/recipes/asparagus-quiche-with-strawberries
Green Olive Tapenade ,https://eatsmarter.com/recipes/green-olive-tapenade
Pizza Meatloaf with Vegetables ,https://eatsmarter.com/recipes/pizza-meatloaf-with-vegetables
Radish Salad with Scallions ,https://eatsmarter.com/recipes/radish-salad-with-scallions
Mushroom Broth Soup ,https://eatsmarter.com/recipes/mushroom-broth-soup
Grilled Steak with Tomato ,https://eatsmarter.com/recipes/grilled-steak-with-tomato
Turkey Escalopes with Radicchio ,https://eatsmarter.com/recipes/turkey-escalopes-with-radicchio
Mini Mushroom Frittatas ,https://eatsmarter.com/recipes/mini-mushroom-frittatas
Spicy Garlic Shrimp ,https://eatsmarter.com/recipes/spicy-garlic-shrimp
Halibut Ceviche ,https://eatsmarter.com/recipes/halibut-ceviche
Scrambled Eggs with Assorted Garnishes ,https://eatsmarter.com/recipes/scrambled-eggs-with-assorted-garnishes
Hummus with Almonds ,https://eatsmarter.com/recipes/hummus-with-almonds
Hard Boiled Egg Salad ,https://eatsmarter.com/recipes/hard-boiled-egg-salad
Eggplant and Ricotta Rolls with Tomato Sauce ,https://eatsmarter.com/recipes/eggplant-and-ricotta-rolls-with-tomato-sauce
Whole Rotisserie Chicken ,https://eatsmarter.com/recipes/whole-rotisserie-chicken
"Stir-Fried Cabbage with Tomatoes, Dandelion Greens and Feta Cheese ",https://eatsmarter.com/recipes/stir-fried-cabbage-with-tomatoes-dandelion-greens-and-feta-cheese
Homemade Almond Milk ,https://eatsmarter.com/recipes/homemade-almond-milk
Roasted Brussels Sprouts with Bacon and Walnuts ,https://eatsmarter.com/recipes/roasted-brussels-sprouts-with-bacon-and-walnuts
Spinach Gratin with Egg and Parmesan ,https://eatsmarter.com/recipes/spinach-gratin-with-egg-and-parmesan
Avocado and Mozzarella Salad ,https://eatsmarter.com/recipes/avocado-and-mozzarella-salad
Garlic and Balsamic Vinaigrette ,https://eatsmarter.com/recipes/garlic-and-balsamic-vinaigrette
Beef Fillet with Salad ,https://eatsmarter.com/recipes/beef-fillet-with-salad
Ground Beef Kebabs with Braised Cucumbers ,https://eatsmarter.com/recipes/ground-beef-kebabs-with-braised-cucumbers
Salmon with Horseradish Cucumber Sauce ,https://eatsmarter.com/recipes/salmon-with-horseradish-cucumber-sauce
Mushroom and Arugula Salad ,https://eatsmarter.com/recipes/mushroom-and-arugula-salad
Radish and Onion Salad ,https://eatsmarter.com/recipes/radish-and-onion-salad
Asparagus with Tarragon Lemon Sauce ,https://eatsmarter.com/recipes/asparagus-with-tarragon-lemon-sauce
Mushroom Carpaccio with Crème Fraiche ,https://eatsmarter.com/recipes/mushroom-carpaccio-with-creme-fraiche
Tortilla with Spinach ,https://eatsmarter.com/recipes/tortilla-with-spinach
Baked Endive Gratin ,https://eatsmarter.com/recipes/baked-endive-gratin
Tofu Corn Cakes ,https://eatsmarter.com/recipes/tofu-corn-cakes
Mushroom Omelettes with Sauteed Tomatoes ,https://eatsmarter.com/recipes/mushroom-omelettes-with-sauteed-tomatoes
Chicken Salad with Spinach and Walnuts ,https://eatsmarter.com/recipes/chicken-salad-with-spinach-and-walnuts
Salmon and Potato Cakes ,https://eatsmarter.com/recipes/salmon-and-potato-cakes
Watermelon with Feta Cheese and Olives ,https://eatsmarter.com/recipes/watermelon-with-feta-cheese-and-olives
Creamy Sorrel Soup ,https://eatsmarter.com/recipes/creamy-sorrel-soup-1
Swiss Chard Orange Salad ,https://eatsmarter.com/recipes/swiss-chard-orange-salad
Zucchini and Feta Caprese ,https://eatsmarter.com/recipes/zucchini-and-feta-caprese
Cream of Belgian Endive Soup ,https://eatsmarter.com/recipes/cream-of-belgian-endive-soup
Roasted Turkey Breast with Green Beans ,https://eatsmarter.com/recipes/roasted-turkey-breast-with-green-beans
Strawberry Tiramisu ,https://eatsmarter.com/recipes/strawberry-tiramisu-5
Daikon and Radish Salad ,https://eatsmarter.com/recipes/daikon-and-radish-salad
Spaghetti with Pesto and Grilled Salmon ,https://eatsmarter.com/recipes/spaghetti-with-pesto-and-grilled-salmon
Cauliflower Soup with Parmesan and Almonds ,https://eatsmarter.com/recipes/cauliflower-soup-with-parmesan-and-almonds
Roast Beef with Strawberry Salsa ,https://eatsmarter.com/recipes/roast-beef-with-strawberry-salsa
Prosciutto Wrapped Asparagus ,https://eatsmarter.com/recipes/prosciutto-wrapped-asparagus
Raspberry Chia Popsicle ,https://eatsmarter.com/recipes/raspberry-chia-popsicle
Classic Guacamole ,https://eatsmarter.com/recipes/classic-guacamole
Sun Kissed Tomatoes ,https://eatsmarter.com/recipes/sun-kissed-tomatoes
Spicy Chicken with Spinach Salad ,https://eatsmarter.com/recipes/spicy-chicken-with-spinach-salad
Zucchini Cannelloni Au Gratin ,https://eatsmarter.com/recipes/zucchini-cannelloni-au-gratin
Coconut Avocado Nice Cream ,https://eatsmarter.com/recipes/coconut-avocado-nice-cream
Ribeye Steaks with Chimichurri Sauce ,https://eatsmarter.com/recipes/ribeye-steaks-with-chimichurri-sauce
Baked Cod with Gremolata ,https://eatsmarter.com/recipes/baked-cod-with-gremolata
Grilled Eggplant with Tomato Compote ,https://eatsmarter.com/recipes/grilled-eggplant-with-tomato-compote
Turkey Roulade with Tomato Stuffing ,https://eatsmarter.com/recipes/turkey-roulade-with-tomato-stuffing
Zucchini Basil Corn Salad ,https://eatsmarter.com/recipes/zucchini-basil-corn-salad
Cheese Omelet with Spring Onions ,https://eatsmarter.com/recipes/cheese-omelet-with-spring-onions
Cod Fillet with Nut Olive Crust ,https://eatsmarter.com/recipes/cod-fillet-with-nut-olive-crust
Salmon Steaks with Lime Yogurt ,https://eatsmarter.com/recipes/salmon-steaks-with-lime-yogurt
Squash and Red Cabbage Salad ,https://eatsmarter.com/recipes/squash-and-red-cabbage-salad
Strawberry Skyr Ice Cream Bars ,https://eatsmarter.com/recipes/strawberry-skyr-ice-cream-bars
Halloumi with Grilled Zucchini ,https://eatsmarter.com/recipes/halloumi-with-grilled-zucchini
Green Smoothie Bowl with Eggs ,https://eatsmarter.com/recipes/green-smoothie-bowl-with-eggs
Plum Salad with Buffalo Mozzarella ,https://eatsmarter.com/recipes/plum-salad-with-buffalo-mozzarella
Sautéed Brussels Sprouts with Cranberries ,https://eatsmarter.com/recipes/sauteed-brussels-sprouts-with-cranberries
Black Kale Curry with Tofu ,https://eatsmarter.com/recipes/black-kale-curry-with-tofu
Jerusalem Artichoke Risotto with Mushrooms ,https://eatsmarter.com/recipes/jerusalem-artichoke-risotto-with-mushrooms
Endive Boats with Avocado Salsa ,https://eatsmarter.com/recipes/endive-boats-with-avocado-salsa
Monkfish Carpaccio with Avocado ,https://eatsmarter.com/recipes/monkfish-carpaccio-with-avocado
Beef Carpaccio with Mustard Cashew Sauce ,https://eatsmarter.com/recipes/beef-carpaccio-with-mustard-cashew-sauce
Gluten Free Avocado Lime Tart ,https://eatsmarter.com/recipes/gluten-free-avocado-lime-tart
Tomato Tuna Salad with Beans and Olives ,https://eatsmarter.com/recipes/tomato-tuna-salad-with-beans-and-olives
Broiled Watermelon with Smoked Mozzarella ,https://eatsmarter.com/recipes/broiled-watermelon-with-smoked-mozzarella
Harissa Tofu and Grilled Peaches ,https://eatsmarter.com/recipes/harissa-tofu-and-grilled-peaches
Seafood Gratin with Pesto ,https://eatsmarter.com/recipes/seafood-gratin-with-pesto
How to Make Raspberry Vinegar ,https://eatsmarter.com/recipes/how-to-make-raspberry-vinegar
Coconut Almond Scones with Blueberries ,https://eatsmarter.com/recipes/coconut-almond-scones-with-blueberries
Omelette with Beets and Arugula ,https://eatsmarter.com/recipes/omelette-with-beets-and-arugula
Napa Cabbage with Sole Fillets ,https://eatsmarter.com/recipes/napa-cabbage-with-sole-fillets
Roasted Pumpkin with Radicchio and Blue Cheese ,https://eatsmarter.com/recipes/roasted-pumpkin-with-radicchio-and-blue-cheese
Savoy Cabbage Rolls with Vegetables ,https://eatsmarter.com/recipes/savoy-cabbage-rolls-with-vegetables
Kale Caesar Salad with Chickpeas ,https://eatsmarter.com/recipes/kale-caesar-salad-with-chickpeas
Grilled Shrimp on Cucumber Slices ,https://eatsmarter.com/recipes/grilled-shrimp-on-cucumber-slices
Cabbage Salad with Oyster Mushrooms ,https://eatsmarter.com/recipes/cabbage-salad-with-oyster-mushrooms
Zucchini Noodles and Baked Cod ,https://eatsmarter.com/recipes/zucchini-noodles-and-baked-cod
Beluga Lentil Salad with Beef ,https://eatsmarter.com/recipes/beluga-lentil-salad-with-beef
Orange Chia Pudding with Pistachios ,https://eatsmarter.com/recipes/orange-chia-pudding-with-pistachios
Beet Dip with Goat Cheese ,https://eatsmarter.com/recipes/beet-dip-with-goat-cheese
Beet and White Bean Salad ,https://eatsmarter.com/recipes/beet-and-white-bean-salad
Rack of Lamb with Spinach Feta Salad ,https://eatsmarter.com/recipes/rack-of-lamb-with-spinach-feta-salad
Cucumber Noodles with Spinach Peanut Sauce ,https://eatsmarter.com/recipes/cucumber-noodles-with-spinach-peanut-sauce
Asparagus Broccoli Salad with Miso Dressing ,https://eatsmarter.com/recipes/asparagus-broccoli-salad-with-miso-dressing
Nettle Omelet with Basil Pesto ,https://eatsmarter.com/recipes/nettle-omelet-with-basil-pesto
Sirloin Steaks with Tarragon Green Beans ,https://eatsmarter.com/recipes/sirloin-steaks-with-tarragon-green-beans
Baked Red Cabbage with Gorgonzola Dressing ,https://eatsmarter.com/recipes/baked-red-cabbage-with-gorgonzola-dressing
Beef Fillet with Beets and Pistachios ,https://eatsmarter.com/recipes/beef-fillet-with-beets-and-pistachios
Lamb with Cauliflower Rice and Almonds ,https://eatsmarter.com/recipes/lamb-with-cauliflower-rice-and-almonds
Pistachio Arugula Pesto ,https://eatsmarter.com/recipes/pistachio-arugula-pesto
Watermelon and Tomato Soup with Parmesan Cheese ,https://eatsmarter.com/recipes/watermelon-and-tomato-soup-with-parmesan-cheese
Asparagus Beef Salad with Peas ,https://eatsmarter.com/recipes/asparagus-beef-salad-with-peas
Goat Cheese on Wild Herbs Asparagus Salad ,https://eatsmarter.com/recipes/goat-cheese-on-wild-herbs-asparagus-salad
Carrot Quiche with Colorful Vegetable Strips ,https://eatsmarter.com/recipes/carrot-quiche-with-colorful-vegetable-strips
Salmon with Asparagus and White Beans ,https://eatsmarter.com/recipes/salmon-with-asparagus-and-white-beans
"Salad with Smoked Salmon, Beets and Apples ",https://eatsmarter.com/recipes/salad-with-smoked-salmon-beets-and-apples
Seared Ahi with Asian Salad ,https://eatsmarter.com/recipes/seared-ahi-with-asian-salad
Watercress Salad with Asparagus and Poached Salmon ,https://eatsmarter.com/recipes/watercress-salad-with-asparagus-and-poached-salmon
Individual Mushroom Zucchini Quiches ,https://eatsmarter.com/recipes/individual-mushroom-zucchini-quiches
Coconut Cream with Chocolate ,https://eatsmarter.com/recipes/coconut-cream-with-chocolate
Sheet Pan Asian Salmon with Broccolini ,https://eatsmarter.com/recipes/sheet-pan-asian-salmon-with-broccolini
Beet Marinated Salmon ,https://eatsmarter.com/recipes/beet-marinated-salmon
Broccoli Rice Bowl ,https://eatsmarter.com/recipes/broccoli-rice-bowl
Meatballs with Grilled Asparagus ,https://eatsmarter.com/recipes/meatballs-with-grilled-asparagus
Cioppino Seafood Stew ,https://eatsmarter.com/recipes/cioppino-seafood-stew
Halloumi Salad with Watermelon and Tomatoes ,https://eatsmarter.com/recipes/halloumi-salad-with-watermelon-and-tomatoes
Mediterranean Seafood Soup ,https://eatsmarter.com/recipes/mediterranean-seafood-soup
Salmon with Strawberry Basil Salsa ,https://eatsmarter.com/recipes/salmon-with-strawberry-basil-salsa
Grilled Romaine Lettuce with Bread ,https://eatsmarter.com/recipes/grilled-romaine-lettuce-with-bread
Grilled Vegetables with Miso Dressing ,https://eatsmarter.com/recipes/grilled-vegetables-with-miso-dressing
Spinach and Almond Flour Crepe ,https://eatsmarter.com/recipes/spinach-and-almond-flour-crepe
Grilled Mushrooms with Dukkah Eggs ,https://eatsmarter.com/recipes/grilled-mushrooms-with-dukkah-eggs
Sesame Crusted Chicken and Red Cabbage Salad ,https://eatsmarter.com/recipes/sesame-crusted-chicken-and-red-cabbage-salad
Celery Pasta with Pecans ,https://eatsmarter.com/recipes/celery-pasta-with-pecans
Seitan Lollipops with Lemongrass ,https://eatsmarter.com/recipes/seitan-lollipops-with-lemongrass
Japanese Style Meatballs ,https://eatsmarter.com/recipes/japanese-style-meatballs
Asian Cabbage Wraps with Coconut Peanut Dip ,https://eatsmarter.com/recipes/asian-cabbage-wraps-with-coconut-peanut-dip
Cauliflower and Brussels Sprout Soup ,https://eatsmarter.com/recipes/cauliflower-and-brussels-sprout-soup
Thai Curry Whole Sea Bass ,https://eatsmarter.com/recipes/thai-curry-whole-sea-bass
Baked Napa Cabbage ,https://eatsmarter.com/recipes/baked-napa-cabbage-0
Asian Meatballs ,https://eatsmarter.com/recipes/asian-meatballs
Chinese Chicken Salad ,https://eatsmarter.com/recipes/chinese-chicken-salad
Seared Tuna with Avocado Cream ,https://eatsmarter.com/recipes/seared-tuna-with-avocado-cream
Spiced Leg of Lamb ,https://eatsmarter.com/recipes/spiced-leg-of-lamb
Turmeric Dip ,https://eatsmarter.com/recipes/turmeric-dip
Chicken Adobo ,https://eatsmarter.com/recipes/chicken-adobo
Spicy Chilled Cucumber Avocado Soup ,https://eatsmarter.com/recipes/spicy-chilled-cucumber-avocado-soup
Pointed Cabbage Slaw ,https://eatsmarter.com/recipes/pointed-cabbage-slaw
Fried Halloumi with Vegetables ,https://eatsmarter.com/recipes/fried-halloumi-with-vegetables
Baked Cauliflower Salad ,https://eatsmarter.com/recipes/baked-cauliflower-salad
Grilled Fennel and Feta Salad ,https://eatsmarter.com/recipes/grilled-fennel-and-feta-salad
Pollock Patties ,https://eatsmarter.com/recipes/pollock-patties
Asparagus Salad with Salmon ,https://eatsmarter.com/recipes/asparagus-salad-with-salmon
Asparagus with Grilled Chicken Strawberry Skewers ,https://eatsmarter.com/recipes/asparagus-with-grilled-chicken-strawberry-skewers
Cold Radish Asparagus Soup ,https://eatsmarter.com/recipes/cold-radish-asparagus-soup
Grilled Romaine with Blue Cheese Dressing ,https://eatsmarter.com/recipes/grilled-romaine-with-blue-cheese-dressing
Pesto Zoodles with Shrimp ,https://eatsmarter.com/recipes/pesto-zoodles-with-shrimp
Vegetarian Tartare ,https://eatsmarter.com/recipes/vegetarian-tartare
Arugula Lamb Summer Salad ,https://eatsmarter.com/recipes/arugula-lamb-summer-salad
Cauliflower Rice with Chicken Skewers ,https://eatsmarter.com/recipes/cauliflower-rice-with-chicken-skewers
Salmon with Lemon Herb Stuffing ,https://eatsmarter.com/recipes/salmon-with-lemon-herb-stuffing
Turkey Kebabs and Shishito Peppers ,https://eatsmarter.com/recipes/turkey-kebabs-and-shishito-peppers
Stuffed Grape Leaves with Feta ,https://eatsmarter.com/recipes/stuffed-grape-leaves-with-feta
Cauliflower Crust Pizza ,https://eatsmarter.com/recipes/cauliflower-crust-pizza
Sheet Pan Eggplant with Herbs ,https://eatsmarter.com/recipes/sheet-pan-eggplant-with-herbs
Baked Lemon Cod ,https://eatsmarter.com/recipes/baked-lemon-cod
Parmesan Baked Zucchini ,https://eatsmarter.com/recipes/parmesan-baked-zucchini
Roasted Tomatoes with Spinach ,https://eatsmarter.com/recipes/roasted-tomatoes-with-spinach
Beet Salmon ,https://eatsmarter.com/recipes/beet-salmon
Fresh Tomato Salad with Herbs ,https://eatsmarter.com/recipes/fresh-tomato-salad-with-herbs
Nectarine Salad with Shrimp ,https://eatsmarter.com/recipes/nectarine-salad-with-shrimp
Grilled Char Fillets ,https://eatsmarter.com/recipes/grilled-char-fillets
Oven Baked Mullet ,https://eatsmarter.com/recipes/oven-baked-mullet
"Scallops with Diced Peppers, Tomato Chutney and Basil Oil ",https://eatsmarter.com/recipes/scallops-with-diced-peppers-tomato-chutney-and-basil-oil
Baked Pointed Cabbage ,https://eatsmarter.com/recipes/baked-pointed-cabbage
Kale with Smoked Tofu ,https://eatsmarter.com/recipes/kale-with-smoked-tofu
Sheet Pan Chicken and Butternut Squash ,https://eatsmarter.com/recipes/sheet-pan-chicken-and-butternut-squash
White Fish Skewers with Lime Sauce ,https://eatsmarter.com/recipes/white-fish-skewers-with-lime-sauce
Red Cabbage Radicchio Salad ,https://eatsmarter.com/recipes/red-cabbage-radicchio-salad
Sea Bass with Asparagus ,https://eatsmarter.com/recipes/sea-bass-with-asparagus
Cherry Caprese ,https://eatsmarter.com/recipes/cherry-caprese
Roasted Vegetable Halloumi Salad ,https://eatsmarter.com/recipes/roasted-vegetable-halloumi-salad
Cucumber Shrimp Salad with Greek Yogurt ,https://eatsmarter.com/recipes/cucumber-shrimp-salad-with-greek-yogurt
Vegetable Gratin à La Ratatouille ,https://eatsmarter.com/recipes/vegetable-gratin-a-la-ratatouille
Salad with Lemon Dressing ,https://eatsmarter.com/recipes/salad-with-lemon-dressing
Oven Baked Black Salsify ,https://eatsmarter.com/recipes/oven-baked-black-salsify
Quick Chicory Kiwi Salad ,https://eatsmarter.com/recipes/quick-chicory-kiwi-salad
Steamed Mussels in White Wine ,https://eatsmarter.com/recipes/steamed-mussels-in-white-wine
Marinated Clams ,https://eatsmarter.com/recipes/marinated-clams
Oven-Roasted John Dory ,https://eatsmarter.com/recipes/oven-roasted-john-dory
Fried Perch ,https://eatsmarter.com/recipes/fried-perch
Bistro Salad ,https://eatsmarter.com/recipes/bistro-salad
Asian Style Clams ,https://eatsmarter.com/recipes/asian-style-clams
Spicy Octopus and Vegetable Salad ,https://eatsmarter.com/recipes/spicy-octopus-and-vegetable-salad
Turkish Kebabs ,https://eatsmarter.com/recipes/turkish-kebabs
Coconut Sea Bass ,https://eatsmarter.com/recipes/coconut-sea-bass
Mexican-Style Swordfish ,https://eatsmarter.com/recipes/mexican-style-swordfish
Tex-Mex Caesar Salad ,https://eatsmarter.com/recipes/tex-mex-caesar-salad
Lobster Papaya Salad ,https://eatsmarter.com/recipes/lobster-papaya-salad
Baked Oysters a La Rockefeller ,https://eatsmarter.com/recipes/baked-oysters-a-la-rockefeller
Homemade Cheese Balls ,https://eatsmarter.com/recipes/homemade-cheese-balls
Pollock Medallions in Filo ,https://eatsmarter.com/recipes/pollock-medallions-in-filo
Baked Fillet of Sole ,https://eatsmarter.com/recipes/baked-fillet-of-sole
Asian Chicken ,https://eatsmarter.com/recipes/asian-chicken
Marinated Char ,https://eatsmarter.com/recipes/marinated-char
Aspic ,https://eatsmarter.com/recipes/aspic
Spicy Beef Croquettes ,https://eatsmarter.com/recipes/spicy-beef-croquettes
Grilled Mackerel with Herbs ,https://eatsmarter.com/recipes/grilled-mackerel-with-herbs
Thai Style Asian Broth ,https://eatsmarter.com/recipes/thai-style-asian-broth
Carrot Porridge with Salmon Fillet ,https://eatsmarter.com/recipes/carrot-porridge-with-salmon-fillet
Roasted Guinea Fowl ,https://eatsmarter.com/recipes/roasted-guinea-fowl
"Mixed Greens, Asian Pear and Feta Cheese ",https://eatsmarter.com/recipes/mixed-greens-asian-pear-and-feta-cheese
Smarter Ham ,https://eatsmarter.com/recipes/smarter-ham
Sausage on Skewers ,https://eatsmarter.com/recipes/sausage-on-skewers
Braised Baby Bok Choy ,https://eatsmarter.com/recipes/braised-baby-bok-choy
Brasserie-Style Salad ,https://eatsmarter.com/recipes/brasserie-style-salad
Artichoke Soup ,https://eatsmarter.com/recipes/artichoke-soup
Salmon in Banana Leaves ,https://eatsmarter.com/recipes/salmon-in-banana-leaves
Stuffed Banana-Flower Petals ,https://eatsmarter.com/recipes/stuffed-banana-flower-petals
Steamed Fish ,https://eatsmarter.com/recipes/steamed-fish
Cold Zucchini Soup with Yogurt ,https://eatsmarter.com/recipes/cold-zucchini-soup-with-yogurt
Pheasant with Cranberry Sauce ,https://eatsmarter.com/recipes/pheasant-with-cranberry-sauce
Fruit and Cheese Skewer ,https://eatsmarter.com/recipes/fruit-and-cheese-skewer
Caprese Style Salad in a Jar ,https://eatsmarter.com/recipes/caprese-style-salad-in-a-jar
Seitan Basic Recipe ,https://eatsmarter.com/recipes/seitan-basic-recipe
Walnut Green Beans ,https://eatsmarter.com/recipes/walnut-green-beans
Steak and Arugula Salad ,https://eatsmarter.com/recipes/steak-and-arugula-salad
Twice Baked Potatoes with Herb Cheeses ,https://eatsmarter.com/recipes/twice-baked-potatoes-with-herb-cheeses
Pastry Cup Bites ,https://eatsmarter.com/recipes/pastry-cup-bites
Teriyaki Chicken and Noodle Salad ,https://eatsmarter.com/recipes/teriyaki-chicken-and-noodle-salad
Grilled Turkey Feta Skewers ,https://eatsmarter.com/recipes/grilled-turkey-feta-skewers
Vegan Japanese Broth ,https://eatsmarter.com/recipes/vegan-japanese-broth
Leafy Steak Salad ,https://eatsmarter.com/recipes/leafy-steak-salad
Chicken Kebab Bites ,https://eatsmarter.com/recipes/chicken-kebab-bites
Glazed Lobster ,https://eatsmarter.com/recipes/glazed-lobster
BBQ Chicken Brochettes ,https://eatsmarter.com/recipes/bbq-chicken-brochettes
Spring Chicken with Vegetables ,https://eatsmarter.com/recipes/spring-chicken-with-vegetables
Filled Cucumber Wraps ,https://eatsmarter.com/recipes/filled-cucumber-wraps
Grilled Cheese with Arugula ,https://eatsmarter.com/recipes/grilled-cheese-with-arugula
Japanese-style Oysters ,https://eatsmarter.com/recipes/japanese-style-oysters
Mixed Veggie Salad Dressing ,https://eatsmarter.com/recipes/mixed-veggie-salad-dressing
Cranberry Cheese Cake ,https://eatsmarter.com/recipes/cranberry-cheese-cake
Creamy Walnut Beet Spread ,https://eatsmarter.com/recipes/creamy-walnut-beet-spread
Slow-roasted Pork Shoulder ,https://eatsmarter.com/recipes/slow-roasted-pork-shoulder
Beet and Goat Cheese Stack with Walnuts ,https://eatsmarter.com/recipes/beet-and-goat-cheese-stack-with-walnuts
Mixed Vegetable Quiche with Pepitas ,https://eatsmarter.com/recipes/mixed-vegetable-quiche-with-pepitas
Beet and Radish Carpaccio ,https://eatsmarter.com/recipes/beet-and-radish-carpaccio
Lamb with Eggs and Kale ,https://eatsmarter.com/recipes/lamb-with-eggs-and-kale
Grilled Shrimp and Pineapple Kebabs ,https://eatsmarter.com/recipes/grilled-shrimp-and-pineapple-kebabs
Gourmet Radish Salad ,https://eatsmarter.com/recipes/gourmet-radish-salad
Thai Chicken Kebabs ,https://eatsmarter.com/recipes/thai-chicken-kebabs
Roast Watermelon with Feta ,https://eatsmarter.com/recipes/roast-watermelon-with-feta
Ransom-crusted Salmon ,https://eatsmarter.com/recipes/ransom-crusted-salmon
Duck with Lavender and Honey ,https://eatsmarter.com/recipes/duck-with-lavender-and-honey
Chilled Creamy Beet Soup ,https://eatsmarter.com/recipes/chilled-creamy-beet-soup
Egg and Cheddar Skillet ,https://eatsmarter.com/recipes/egg-and-cheddar-skillet
Spicy Breakfast Eggs with Seafood ,https://eatsmarter.com/recipes/spicy-breakfast-eggs-with-seafood
Avocado and Feta Omelet ,https://eatsmarter.com/recipes/avocado-and-feta-omelet
Club Salad with Chicken and Pepitas ,https://eatsmarter.com/recipes/club-salad-with-chicken-and-pepitas
Red Vegetable Bisque ,https://eatsmarter.com/recipes/red-vegetable-bisque
Sauteed Vegetable and Tofu Bowl ,https://eatsmarter.com/recipes/sauteed-vegetable-and-tofu-bowl
Baked Autumn Vegetable Quiche ,https://eatsmarter.com/recipes/baked-autumn-vegetable-quiche
Lamb Skewers with Endive ,https://eatsmarter.com/recipes/lamb-skewers-with-endive
Lamb and Potato Gratin ,https://eatsmarter.com/recipes/lamb-and-potato-gratin
Sliced Brisket with Carrots and Leeks ,https://eatsmarter.com/recipes/sliced-brisket-with-carrots-and-leeks
Charred Eggplant Slices with Basil Sauce ,https://eatsmarter.com/recipes/charred-eggplant-slices-with-basil-sauce
Steamed Chinese Shrimp ,https://eatsmarter.com/recipes/steamed-chinese-shrimp
Marinated Grilled Sirloin Steak ,https://eatsmarter.com/recipes/marinated-grilled-sirloin-steak
Garlic Aioli ,https://eatsmarter.com/recipes/garlic-aioli
Cauliflower and Bacon Crustless Quiche ,https://eatsmarter.com/recipes/cauliflower-and-bacon-crustless-quiche
Creamy Pumpkin Soup with Pepitas ,https://eatsmarter.com/recipes/creamy-pumpkin-soup-with-pepitas
Watermelon Wedge Salad ,https://eatsmarter.com/recipes/watermelon-wedge-salad
Classic Pesto Sauce ,https://eatsmarter.com/recipes/classic-pesto-sauce
Quinoa Chicken Salad ,https://eatsmarter.com/recipes/quinoa-chicken-salad
Radicchio Salad with Grapes and Walnuts ,https://eatsmarter.com/recipes/radicchio-salad-with-grapes-and-walnuts
Sliced Egg and Herb Salad ,https://eatsmarter.com/recipes/sliced-egg-and-herb-salad
Creamy Sorrel and Potato Soup ,https://eatsmarter.com/recipes/creamy-sorrel-and-potato-soup
Fried Radicchio with Garlic ,https://eatsmarter.com/recipes/fried-radicchio-with-garlic
Mushroom Filled Mini Squash ,https://eatsmarter.com/recipes/mushroom-filled-mini-squash
Sea Bass Fillets with Gremolata ,https://eatsmarter.com/recipes/sea-bass-fillets-with-gremolata
Lobster Casserole ,https://eatsmarter.com/recipes/lobster-casserole
Garlic Mayo and Assorted Olive Spreads ,https://eatsmarter.com/recipes/garlic-mayo-and-assorted-olive-spreads
Slow Cooker Braised Halibut ,https://eatsmarter.com/recipes/slow-cooker-braised-halibut
Emmental Souffles ,https://eatsmarter.com/recipes/emmental-souffles
Basil Pasta Sauce in a Jar ,https://eatsmarter.com/recipes/basil-pasta-sauce-in-a-jar
Basil Pesto Shrimp ,https://eatsmarter.com/recipes/basil-pesto-shrimp
Tomato Bruschetta ,https://eatsmarter.com/recipes/tomato-bruschetta
Spinach Parsley Dip ,https://eatsmarter.com/recipes/spinach-parsley-dip
Sesame Crusted Salmon ,https://eatsmarter.com/recipes/sesame-crusted-salmon
Raspberry Swirl Cheesecake Squares ,https://eatsmarter.com/recipes/raspberry-swirl-cheesecake-squares
Cod Fillet with Chopped Peach Salsa ,https://eatsmarter.com/recipes/cod-fillet-with-chopped-peach-salsa
Chicken Skewers in Ginger Peach Marinade ,https://eatsmarter.com/recipes/chicken-skewers-in-ginger-peach-marinade
Tuna and Cucumber Sushi ,https://eatsmarter.com/recipes/tuna-and-cucumber-sushi
Vegetarian Bruschetta ,https://eatsmarter.com/recipes/vegetarian-bruschetta
Keto Mini Burger Bites ,https://eatsmarter.com/recipes/keto-mini-burger-bites
Baked Sea Bass with Tomatoes and Leeks ,https://eatsmarter.com/recipes/baked-sea-bass-with-tomatoes-and-leeks
"Watercress, Cranberry, and Apple Salad ",https://eatsmarter.com/recipes/watercress-cranberry-and-apple-salad
Panzanella ,https://eatsmarter.com/recipes/panzanella
"Marinated Mozzarella, Tomato and Basil Salad ",https://eatsmarter.com/recipes/marinated-mozzarella-tomato-and-basil-salad
Chicken with Green Beans and Tomatoes ,https://eatsmarter.com/recipes/chicken-with-green-beans-and-tomatoes
Fresh Green Beans with Pecans and Bacon ,https://eatsmarter.com/recipes/fresh-green-beans-with-pecans-and-bacon
Pork Chops ,https://eatsmarter.com/recipes/pork-chops
"Feta, Spinach And Pecan Salad ",https://eatsmarter.com/recipes/feta-spinach-and-pecan-salad
Fried Kale ,https://eatsmarter.com/recipes/fried-kale
Crispy Tempura Shrimp ,https://eatsmarter.com/recipes/crispy-tempura-shrimp
Baked Oysters on the Half Shell ,https://eatsmarter.com/recipes/baked-oysters-on-the-half-shell
Ginger Crusted Cheese Cake ,https://eatsmarter.com/recipes/ginger-crusted-cheese-cake
Homemade Popcorn ,https://eatsmarter.com/recipes/homemade-popcorn-0
Cherry Tomato and Spinach Salad ,https://eatsmarter.com/recipes/cherry-tomato-and-spinach-salad
Creamy Vegan Ranch Dip ,https://eatsmarter.com/recipes/creamy-vegan-ranch-dip
Chicken Cucumber Salad Wraps ,https://eatsmarter.com/recipes/chicken-cucumber-salad-wraps
Chicken Swiss Chard and Mushroom Stir-fry ,https://eatsmarter.com/recipes/chicken-swiss-chard-and-mushroom-stir-fry
Almond Milk Power Drink ,https://eatsmarter.com/recipes/almond-milk-power-drink
Halloween Cheddar Bites ,https://eatsmarter.com/recipes/halloween-cheddar-bites
"Lobster, Avocado and Prawn Salad ",https://eatsmarter.com/recipes/lobster-avocado-and-prawn-salad
Seared Lamb Salad with Feta and Onions ,https://eatsmarter.com/recipes/seared-lamb-salad-with-feta-and-onions
Fish Ceviche with Beets ,https://eatsmarter.com/recipes/fish-ceviche-with-beets
Individual Flakey Pasties ,https://eatsmarter.com/recipes/individual-flakey-pasties
Baby Kale and Grilled Chicken Salad ,https://eatsmarter.com/recipes/baby-kale-and-grilled-chicken-salad
Salmon with Arugula and Fava Beans ,https://eatsmarter.com/recipes/salmon-with-arugula-and-fava-beans
Grilled Zucchini Salad ,https://eatsmarter.com/recipes/grilled-zucchini-salad-1
Matcha Citrus Cooler ,https://eatsmarter.com/recipes/matcha-citrus-cooler
Lemon Pepper Trout ,https://eatsmarter.com/recipes/lemon-pepper-trout
Spicy Mozzarella Pops ,https://eatsmarter.com/recipes/spicy-mozzarella-pops
Bouillabaisse ,https://eatsmarter.com/recipes/bouillabaisse
Slow Cooker Cabbage with Bacon ,https://eatsmarter.com/recipes/slow-cooker-cabbage-with-bacon
Spicy Beef with Thai Basil on Rice ,https://eatsmarter.com/recipes/spicy-beef-with-thai-basil-on-rice
Homemade Chocolate Almond Milk ,https://eatsmarter.com/recipes/homemade-chocolate-almond-milk
Beef and Mushroom Stroganoff ,https://eatsmarter.com/recipes/beef-and-mushroom-stroganoff
"Cauliflower, Rainbow Chard, Bacon and Roasted Almond Salad ",https://eatsmarter.com/recipes/cauliflower-rainbow-chard-bacon-and-roasted-almond-salad
Oven Roasted Asparagus ,https://eatsmarter.com/recipes/oven-roasted-asparagus
Caviar and Egg Wonton Cups ,https://eatsmarter.com/recipes/caviar-and-egg-wonton-cups
Tuna Stuffed Tomato ,https://eatsmarter.com/recipes/tuna-stuffed-tomato
Winter Vegetable Bisque for Halloween ,https://eatsmarter.com/recipes/winter-vegetable-bisque-for-halloween
Cheddar Cheese Witch Fingers ,https://eatsmarter.com/recipes/cheddar-cheese-witch-fingers
Steak and Corn on the Cob Kebabs ,https://eatsmarter.com/recipes/steak-and-corn-on-the-cob-kebabs
Easy Steamed Lobster ,https://eatsmarter.com/recipes/easy-steamed-lobster
Tofu and Vegetable Asian Stir Fry ,https://eatsmarter.com/recipes/tofu-and-vegetable-asian-stir-fry
Steamed Asian Sea Bass ,https://eatsmarter.com/recipes/steamed-asian-sea-bass
Argentine Style Steak with Sauce ,https://eatsmarter.com/recipes/argentine-style-steak-with-sauce
Mac 'n Cheese Bites ,https://eatsmarter.com/recipes/mac-n-cheese-bites
Tuna Steaks with Lemon Chive Sauce ,https://eatsmarter.com/recipes/tuna-steaks-with-lemon-chive-sauce
Italian Tomato Soup with Meatballs ,https://eatsmarter.com/recipes/italian-tomato-soup-with-meatballs
Stuffed Lamb Meatloaf ,https://eatsmarter.com/recipes/stuffed-lamb-meatloaf
Roasted Leg of Lamb ,https://eatsmarter.com/recipes/roasted-leg-of-lamb-3
Griddled Gourd Salad ,https://eatsmarter.com/recipes/griddled-gourd-salad
Eggplant and Basil Spread ,https://eatsmarter.com/recipes/eggplant-and-basil-spread
Grilled Sea Bream ,https://eatsmarter.com/recipes/grilled-sea-bream-0
Baked Feta with Tomatoes and Olives ,https://eatsmarter.com/recipes/baked-feta-with-tomatoes-and-olives
Vegetable Stew with Mussels ,https://eatsmarter.com/recipes/vegetable-stew-with-mussels
Creamy Spinach Soup with Fried Egg ,https://eatsmarter.com/recipes/creamy-spinach-soup-with-fried-egg
Mozzarella-Stuffed Meatballs with Green Salad ,https://eatsmarter.com/recipes/mozzarella-stuffed-meatballs-with-green-salad
Salmon Carpaccio with Parmesan and Green Peppercorn ,https://eatsmarter.com/recipes/salmon-carpaccio-with-parmesan-and-green-peppercorn
Trout and Radish Salad ,https://eatsmarter.com/recipes/trout-and-radish-salad
Turkey Breast with Pizza Toppings ,https://eatsmarter.com/recipes/turkey-breast-with-pizza-toppings
Beef Carpaccio with Mushrooms ,https://eatsmarter.com/recipes/beef-carpaccio-with-mushrooms
Baked Meatballs in Tomato Sauce ,https://eatsmarter.com/recipes/baked-meatballs-in-tomato-sauce
Baked Flounder ,https://eatsmarter.com/recipes/baked-flounder-0
Pollock with Pesto Crust ,https://eatsmarter.com/recipes/pollock-with-pesto-crust
Chicken Curry with Lentils ,https://eatsmarter.com/recipes/chicken-curry-with-lentils
Mushrooms with Zucchini Stuffing ,https://eatsmarter.com/recipes/mushrooms-with-zucchini-stuffing
Scallops Vinaigrette with Spinach ,https://eatsmarter.com/recipes/scallops-vinaigrette-with-spinach
Grilled Eggplant ,https://eatsmarter.com/recipes/grilled-eggplant
Scrambled Eggs with Tomatoes and Peppers ,https://eatsmarter.com/recipes/scrambled-eggs-with-tomatoes-and-peppers
Wild Garlic Pesto Sauce ,https://eatsmarter.com/recipes/wild-garlic-pesto-sauce
Zucchini Pancakes with Shrimp ,https://eatsmarter.com/recipes/zucchini-pancakes-with-shrimp
Frittata with Oyster Mushrooms and Zucchini ,https://eatsmarter.com/recipes/frittata-with-oyster-mushrooms-and-zucchini
Blueberry Parfait ,https://eatsmarter.com/recipes/blueberry-parfait
"Beef Carpaccio with Sundried Tomatoes, Cranberries and Arugula ",https://eatsmarter.com/recipes/beef-carpaccio-with-sundried-tomatoes-cranberries-and-arugula
Salmon and Cream Cheese Rolls ,https://eatsmarter.com/recipes/salmon-and-cream-cheese-rolls
"Bresaola, Avocado, and Feta Salad ",https://eatsmarter.com/recipes/bresaola-avocado-and-feta-salad
Steamed Perch with Tomato and Herb Sauce ,https://eatsmarter.com/recipes/steamed-perch-with-tomato-and-herb-sauce
Pumpkin and Mushroom Soup ,https://eatsmarter.com/recipes/pumpkin-and-mushroom-soup
Radicchio Pear Salad with Hazelnut Vinaigrette ,https://eatsmarter.com/recipes/radicchio-pear-salad-with-hazelnut-vinaigrette
Tofu Salad with Peaches ,https://eatsmarter.com/recipes/tofu-salad-with-peaches
Salad with Cremini Mushrooms and Chestnuts ,https://eatsmarter.com/recipes/salad-with-cremini-mushrooms-and-chestnuts
Duck Breasts on Herb Salad with Pecans ,https://eatsmarter.com/recipes/duck-breasts-on-herb-salad-with-pecans
Small Pies with Egg ,https://eatsmarter.com/recipes/small-pies-with-egg
Salmon Fillet with Bok Choy and Spicy Sauce ,https://eatsmarter.com/recipes/salmon-fillet-with-bok-choy-and-spicy-sauce
Steamed Catfish Fillets ,https://eatsmarter.com/recipes/steamed-catfish-fillets
Roast Beef with Lentils ,https://eatsmarter.com/recipes/roast-beef-with-lentils
Tomato and Herb Salad with Goat Cheese ,https://eatsmarter.com/recipes/tomato-and-herb-salad-with-goat-cheese
Tomato and Cheese Frittata ,https://eatsmarter.com/recipes/tomato-and-cheese-frittata
Lamb Stew with Savoy Cabbage ,https://eatsmarter.com/recipes/lamb-stew-with-savoy-cabbage
Haddock with Spinach and Cauliflower ,https://eatsmarter.com/recipes/haddock-with-spinach-and-cauliflower
Tuna and Corn Pancakes with Tomato Salad ,https://eatsmarter.com/recipes/tuna-and-corn-pancakes-with-tomato-salad
Pasta with Tomato Sauce and Tuna ,https://eatsmarter.com/recipes/pasta-with-tomato-sauce-and-tuna
Glazed Carrot and Parsnip with Parsley ,https://eatsmarter.com/recipes/glazed-carrot-and-parsnip-with-parsley
Orange Marinated Grilled Pork Chops ,https://eatsmarter.com/recipes/orange-marinated-grilled-pork-chops
Bok Choy-Wrapped Perch ,https://eatsmarter.com/recipes/bok-choy-wrapped-perch
Lobster with Cognac Sauce ,https://eatsmarter.com/recipes/lobster-with-cognac-sauce
Chicken Soup with Beans and Vegetables ,https://eatsmarter.com/recipes/chicken-soup-with-beans-and-vegetables
Cold Asparagus Soup from the Pressure Cooker ,https://eatsmarter.com/recipes/cold-asparagus-soup-from-the-pressure-cooker
Scrambled Eggs ,https://eatsmarter.com/recipes/scrambled-eggs
Baked Pork Tenderloin and Vegetable Skewers ,https://eatsmarter.com/recipes/baked-pork-tenderloin-and-vegetable-skewers
Roast Pork ,https://eatsmarter.com/recipes/roast-pork-3
Easter Ham ,https://eatsmarter.com/recipes/easter-ham
Ground Beef Rolls ,https://eatsmarter.com/recipes/ground-beef-rolls
Brussels Sprouts Stew with Lamb ,https://eatsmarter.com/recipes/brussels-sprouts-stew-with-lamb
Ground Meat Rolls over Cabbage ,https://eatsmarter.com/recipes/ground-meat-rolls-over-cabbage
Moroccan Lamb Stew ,https://eatsmarter.com/recipes/moroccan-lamb-stew
Chicken and Shrimp Satay with Vegetable Salad ,https://eatsmarter.com/recipes/chicken-and-shrimp-satay-with-vegetable-salad
Baked Redfish Fillets with Tomatoes and Basil ,https://eatsmarter.com/recipes/baked-redfish-fillets-with-tomatoes-and-basil
Vegetable Soup with Ginger ,https://eatsmarter.com/recipes/vegetable-soup-with-ginger
Savoury Cucumber and Shallot Salad ,https://eatsmarter.com/recipes/savoury-cucumber-and-shallot-salad
Sauerkraut Salad with Bell Peppers and Cucumber ,https://eatsmarter.com/recipes/sauerkraut-salad-with-bell-peppers-and-cucumber
Pumpkin Carrot Quiche with Pine Nuts ,https://eatsmarter.com/recipes/pumpkin-carrot-quiche-with-pine-nuts
Chicken Stew with Coconut Milk ,https://eatsmarter.com/recipes/chicken-stew-with-coconut-milk
Arugula Salad with Strawberries and Cheese ,https://eatsmarter.com/recipes/arugula-salad-with-strawberries-and-cheese
Broccoli and Arugula Salad ,https://eatsmarter.com/recipes/broccoli-and-arugula-salad
Marinated Grilled Spareribs ,https://eatsmarter.com/recipes/marinated-grilled-spareribs
Carrot Ginger Soup ,https://eatsmarter.com/recipes/carrot-ginger-soup
Turnips Gratin with Lamb ,https://eatsmarter.com/recipes/turnips-gratin-with-lamb
Chicken Legs with Vegetables ,https://eatsmarter.com/recipes/chicken-legs-with-vegetables-1
Grilled Monkfish Skewers ,https://eatsmarter.com/recipes/grilled-monkfish-skewers
Stuffed Grilled Trout ,https://eatsmarter.com/recipes/stuffed-grilled-trout
Steak Variations with Vegetable Side Dishes ,https://eatsmarter.com/recipes/steak-variations-with-vegetable-side-dishes
Lobster Salad with Quinoa ,https://eatsmarter.com/recipes/lobster-salad-with-quinoa
Vegetables with Radish Dressing ,https://eatsmarter.com/recipes/vegetables-with-radish-dressing
Beef Fillet with Onions and Chervil-cream Sauce ,https://eatsmarter.com/recipes/beef-fillet-with-onions-and-chervil-cream-sauce
Mozzarella Gratin with Bacon and Tomatoes ,https://eatsmarter.com/recipes/mozzarella-gratin-with-bacon-and-tomatoes
Anisette and Grenadine Aperitifs ,https://eatsmarter.com/recipes/anisette-and-grenadine-aperitifs
Beef and Vegetable Stir-fry ,https://eatsmarter.com/recipes/beef-and-vegetable-stir-fry-1
Root Vegetable Carpaccio ,https://eatsmarter.com/recipes/root-vegetable-carpaccio
Spinach and Feta Filled Half Moons ,https://eatsmarter.com/recipes/spinach-and-feta-filled-half-moons
Asian Snow Pea Salad ,https://eatsmarter.com/recipes/asian-snow-pea-salad
Turkey and Vegetable Kebabs ,https://eatsmarter.com/recipes/turkey-and-vegetable-kebabs
Crab and Egg Salad ,https://eatsmarter.com/recipes/crab-and-egg-salad
Carrot and Cabbage Casserole ,https://eatsmarter.com/recipes/carrot-and-cabbage-casserole
Marinated Goat Cheese ,https://eatsmarter.com/recipes/marinated-goat-cheese-0
Caper and Pepper Dressing ,https://eatsmarter.com/recipes/caper-and-pepper-dressing
Port and Orange Dressing ,https://eatsmarter.com/recipes/port-and-orange-dressing
Spinach and Yogurt Drink ,https://eatsmarter.com/recipes/spinach-and-yogurt-drink
Smoked Trout Bites with Cranberry Cream Sauce ,https://eatsmarter.com/recipes/smoked-trout-bites-with-cranberry-cream-sauce
Curried Pork and Broccoli ,https://eatsmarter.com/recipes/curried-pork-and-broccoli
Chicken and Tomato Salad with Curry Dressing ,https://eatsmarter.com/recipes/chicken-and-tomato-salad-with-curry-dressing
French Salad with Tuna ,https://eatsmarter.com/recipes/french-salad-with-tuna
Salmon Carpaccio ,https://eatsmarter.com/recipes/salmon-carpaccio-0
Prawn and Salmon Skewers ,https://eatsmarter.com/recipes/prawn-and-salmon-skewers
Roast Beef and Salad Rolls ,https://eatsmarter.com/recipes/roast-beef-and-salad-rolls
Chicken and Pepper Kebabs ,https://eatsmarter.com/recipes/chicken-and-pepper-kebabs
Herb Sauce with Eggs ,https://eatsmarter.com/recipes/herb-sauce-with-eggs
Homemade Basil Walnut Pesto ,https://eatsmarter.com/recipes/homemade-basil-walnut-pesto
Glass Noodle Salad ,https://eatsmarter.com/recipes/glass-noodle-salad
Shepherd's Pie ,https://eatsmarter.com/recipes/shepherds-pie-4
Spinach and Feta Turkey ,https://eatsmarter.com/recipes/spinach-and-feta-turkey
Pickled Salmon ,https://eatsmarter.com/recipes/pickled-salmon-0
Meatloaf Stuffed with Eggs ,https://eatsmarter.com/recipes/meatloaf-stuffed-with-eggs-0
Autumn Salad ,https://eatsmarter.com/recipes/autumn-salad-0
Fruity Endive Salad with Chicken Breast and Cashews ,https://eatsmarter.com/recipes/fruity-endive-salad-with-chicken-breast-and-cashews
Hot Beef Stew ,https://eatsmarter.com/recipes/hot-beef-stew
Pork Chops ,https://eatsmarter.com/recipes/pork-chops-1
Stuffed Baked Mushrooms ,https://eatsmarter.com/recipes/stuffed-baked-mushrooms
Indian-Style Omelets with Vegetables ,https://eatsmarter.com/recipes/indian-style-omelets-with-vegetables
Creamy Spring Asparagus Soup ,https://eatsmarter.com/recipes/creamy-spring-asparagus-soup
Morel Mushrooms in Cream Sauce ,https://eatsmarter.com/recipes/morel-mushrooms-in-cream-sauce
Classic Cucumber Salad ,https://eatsmarter.com/recipes/classic-cucumber-salad
Lamb Stew with Yogurt ,https://eatsmarter.com/recipes/lamb-stew-with-yogurt
Mussels Au Gratin ,https://eatsmarter.com/recipes/mussels-au-gratin
Baked Eggs with Ham and Cheese ,https://eatsmarter.com/recipes/baked-eggs-with-ham-and-cheese
Couscous-Feta Salad ,https://eatsmarter.com/recipes/couscous-feta-salad
Stuffed Chicken Breast ,https://eatsmarter.com/recipes/stuffed-chicken-breast-1
Green Asparagus Cream Soup ,https://eatsmarter.com/recipes/green-asparagus-cream-soup
Lettuce Soup ,https://eatsmarter.com/recipes/lettuce-soup-0
Baked Sea Scallops ,https://eatsmarter.com/recipes/baked-sea-scallops
Pea and Prosciutto Frittata ,https://eatsmarter.com/recipes/pea-and-prosciutto-frittata
Asian Burger ,https://eatsmarter.com/recipes/asian-burger
Egg Salad Filled Ham Roll-ups ,https://eatsmarter.com/recipes/egg-salad-filled-ham-roll-ups
Leek Casserole ,https://eatsmarter.com/recipes/leek-casserole
Whiting Fish with Mushroom Sauce ,https://eatsmarter.com/recipes/whiting-fish-with-mushroom-sauce
Plum Salad with Pecorino Cheese ,https://eatsmarter.com/recipes/plum-salad-with-pecorino-cheese
Scrambled Egg Variation ,https://eatsmarter.com/recipes/scrambled-egg-variation
Endive Salad with Pears and Blue Cheese ,https://eatsmarter.com/recipes/endive-salad-with-pears-and-blue-cheese
Creamy Garlic Soup ,https://eatsmarter.com/recipes/creamy-garlic-soup-0
Salmon with Buttered Scallions ,https://eatsmarter.com/recipes/salmon-with-buttered-scallions
Mixed Salad with Egg and Yogurt Dressing ,https://eatsmarter.com/recipes/mixed-salad-with-egg-and-yogurt-dressing
Parsley Sauce ,https://eatsmarter.com/recipes/parsley-sauce
Scallops with Asparagus Tips and Caviar ,https://eatsmarter.com/recipes/scallops-with-asparagus-tips-and-caviar
Tomato and Mozzarella Salad ,https://eatsmarter.com/recipes/tomato-and-mozzarella-salad-0
Pea Soup ,https://eatsmarter.com/recipes/pea-soup-7
Celery and Apple Salad with Chicken ,https://eatsmarter.com/recipes/celery-and-apple-salad-with-chicken
Steamed Salmon with Savoy Cabbage ,https://eatsmarter.com/recipes/steamed-salmon-with-savoy-cabbage
"Melon, Tomato and Mozzarella Balls ",https://eatsmarter.com/recipes/melon-tomato-and-mozzarella-balls
Grilled Pork Chops ,https://eatsmarter.com/recipes/grilled-pork-chops-0
Baked Sea Bass ,https://eatsmarter.com/recipes/baked-sea-bass
Mediterranean Grilled Eggplant ,https://eatsmarter.com/recipes/mediterranean-grilled-eggplant
Caramelized Tomatoes with Arugula and Halloumi Cheese ,https://eatsmarter.com/recipes/caramelized-tomatoes-with-arugula-and-halloumi-cheese
"Dried Tomatoes with Feta, Capers and Wild Garlic ",https://eatsmarter.com/recipes/dried-tomatoes-with-feta-capers-and-wild-garlic
Chicken Breasts with Tomato and Radish Salad ,https://eatsmarter.com/recipes/chicken-breasts-with-tomato-and-radish-salad
Salmon with Cranberries and Pistachios ,https://eatsmarter.com/recipes/salmon-with-cranberries-and-pistachios
Chicken Wings with Vegetables ,https://eatsmarter.com/recipes/chicken-wings-with-vegetables
Honey Glazed Ham ,https://eatsmarter.com/recipes/honey-glazed-ham
Marinated Cheese ,https://eatsmarter.com/recipes/marinated-cheese
Matcha Parfait ,https://eatsmarter.com/recipes/matcha-parfait
Asparagus with Salmon and Eggs ,https://eatsmarter.com/recipes/asparagus-with-salmon-and-eggs
Bacon Quiche ,https://eatsmarter.com/recipes/bacon-quiche-0
Pickled Mushrooms ,https://eatsmarter.com/recipes/pickled-mushrooms
Tomato Sauce ,https://eatsmarter.com/recipes/tomato-sauce-14
Baked Pollock with Vegetables ,https://eatsmarter.com/recipes/baked-pollock-with-vegetables
Fried Meatballs with Feta Cheese ,https://eatsmarter.com/recipes/fried-meatballs-with-feta-cheese
Grilled Tofu with Brussels Sprouts ,https://eatsmarter.com/recipes/grilled-tofu-with-brussels-sprouts-0
Veal Cutlets with Creamy Asparagus and Chervil ,https://eatsmarter.com/recipes/veal-cutlets-with-creamy-asparagus-and-chervil
Asparagus Gratin with Bacon ,https://eatsmarter.com/recipes/asparagus-gratin-with-bacon
Hard Boiled Eggs in Spicy Tomato Sauce ,https://eatsmarter.com/recipes/hard-boiled-eggs-in-spicy-tomato-sauce
Broccoli Frittata with Grogonzola ,https://eatsmarter.com/recipes/broccoli-frittata-with-grogonzola
Ground Meat with Daikon Radishes ,https://eatsmarter.com/recipes/ground-meat-with-daikon-radishes
Salmon Roll with Spinach ,https://eatsmarter.com/recipes/salmon-roll-with-spinach
Vegetable Frittata ,https://eatsmarter.com/recipes/vegetable-frittata-3
Beet Carpaccio with Goat Cheese and Arugula ,https://eatsmarter.com/recipes/beet-carpaccio-with-goat-cheese-and-arugula
Parmesan Vinaigrette ,https://eatsmarter.com/recipes/parmesan-vinaigrette
Mediterranean Lamb Fillet ,https://eatsmarter.com/recipes/mediterranean-lamb-fillet
Scallops with Sprouts ,https://eatsmarter.com/recipes/scallops-with-sprouts
Duck with Apples and Onions ,https://eatsmarter.com/recipes/duck-with-apples-and-onions
"Salad with Figs, Ham, and Goat Cheese ",https://eatsmarter.com/recipes/salad-with-figs-ham-and-goat-cheese
Roast Beef ,https://eatsmarter.com/recipes/roast-beef-5
Turkey Steaks with Romaine Lettuce ,https://eatsmarter.com/recipes/turkey-steaks-with-romaine-lettuce
Herb-Crusted Lamb Chops with Wilted Spinach ,https://eatsmarter.com/recipes/herb-crusted-lamb-chops-with-wilted-spinach
Chicken and Zucchini Skewers ,https://eatsmarter.com/recipes/chicken-and-zucchini-skewers
Turkey Filet with Pumpkin and Pomegranate ,https://eatsmarter.com/recipes/turkey-filet-with-pumpkin-and-pomegranate
Tomato and Olive Salad ,https://eatsmarter.com/recipes/tomato-and-olive-salad
Lamb Fillet with Spicy Tomato ,https://eatsmarter.com/recipes/lamb-fillet-with-spicy-tomato
Zucchini Ham Salad ,https://eatsmarter.com/recipes/zucchini-ham-salad
Sesame Honey Shrimp ,https://eatsmarter.com/recipes/sesame-honey-shrimp
Lamb with Mushrooms and Spinach ,https://eatsmarter.com/recipes/lamb-with-mushrooms-and-spinach
Fennel Gratin with Nuts ,https://eatsmarter.com/recipes/fennel-gratin-with-nuts
Beef and Cauliflower Stir Fry ,https://eatsmarter.com/recipes/beef-and-cauliflower-stir-fry
Fried Porcini Mushroom Salad ,https://eatsmarter.com/recipes/fried-porcini-mushroom-salad
Cucumber and Spinach Salad with Stuffed Tomatoes ,https://eatsmarter.com/recipes/cucumber-and-spinach-salad-with-stuffed-tomatoes
Salad with Bacon and Oranges ,https://eatsmarter.com/recipes/salad-with-bacon-and-oranges
Chicken Skewers with Olives ,https://eatsmarter.com/recipes/chicken-skewers-with-olives
Cheese Omelet with Peppers ,https://eatsmarter.com/recipes/cheese-omelet-with-peppers
Omelet with Tomatoes and Feta Cheese ,https://eatsmarter.com/recipes/omelet-with-tomatoes-and-feta-cheese
Omelet with Tomato and Feta Cheese ,https://eatsmarter.com/recipes/omelet-with-tomato-and-feta-cheese
Oven Roasted Garlic ,https://eatsmarter.com/recipes/oven-roasted-garlic
Stuffed Roast Pork with Zucchini ,https://eatsmarter.com/recipes/stuffed-roast-pork-with-zucchini
Roast Turkey with Sesame Crust ,https://eatsmarter.com/recipes/roast-turkey-with-sesame-crust
Spicy Stuffed Peppers with Ham and Tomatoes ,https://eatsmarter.com/recipes/spicy-stuffed-peppers-with-ham-and-tomatoes
Salsify with a Lemony Walnut Dressing and Goat Cheese ,https://eatsmarter.com/recipes/salsify-with-a-lemony-walnut-dressing-and-goat-cheese
Monkfish Stew with Gremolata ,https://eatsmarter.com/recipes/monkfish-stew-with-gremolata
Asparagus Salad with Arugula and Strawberries ,https://eatsmarter.com/recipes/asparagus-salad-with-arugula-and-strawberries
Shrimp Tartare ,https://eatsmarter.com/recipes/shrimp-tartare
Pork with Curried Vegetables ,https://eatsmarter.com/recipes/pork-with-curried-vegetables
Cottage Cheese with Peppers ,https://eatsmarter.com/recipes/cottage-cheese-with-peppers
Pork with Apples ,https://eatsmarter.com/recipes/pork-with-apples
Salmon and Chard with Orange Salsa ,https://eatsmarter.com/recipes/salmon-and-chard-with-orange-salsa
Almond Mousse with Caramel Almonds ,https://eatsmarter.com/recipes/almond-mousse-with-caramel-almonds
Tomatoes Stuffed with Avocado and Prawns ,https://eatsmarter.com/recipes/tomatoes-stuffed-with-avocado-and-prawns
Mediterranean Braised Chicken ,https://eatsmarter.com/recipes/mediterranean-braised-chicken
Herb Omelette with Salmon and Spinach ,https://eatsmarter.com/recipes/herb-omelette-with-salmon-and-spinach
Shrimp Scrambled Eggs with Black Bread ,https://eatsmarter.com/recipes/shrimp-scrambled-eggs-with-black-bread
Turkey Strips with Cilantro and Lime ,https://eatsmarter.com/recipes/turkey-strips-with-cilantro-and-lime
Curried Cabbage ,https://eatsmarter.com/recipes/curried-cabbage
Plaice with Orange Sauce ,https://eatsmarter.com/recipes/plaice-with-orange-sauce
Lamb Moussaka ,https://eatsmarter.com/recipes/lamb-moussaka
"Frittata with Tomatoes, Mushrooms and Olives ",https://eatsmarter.com/recipes/frittata-with-tomatoes-mushrooms-and-olives
Chocolate Almonds ,https://eatsmarter.com/recipes/chocolate-almonds-0
Fruity Halibut with Rhubarb ,https://eatsmarter.com/recipes/fruity-halibut-with-rhubarb
Stuffed Zucchini Boats ,https://eatsmarter.com/recipes/stuffed-zucchini-boats
Beef Brisket with Herb Sauce ,https://eatsmarter.com/recipes/beef-brisket-with-herb-sauce
Gravlax with Mustard Cream Sauce ,https://eatsmarter.com/recipes/gravlax-with-mustard-cream-sauce
Asparagus with Avocado Dip ,https://eatsmarter.com/recipes/asparagus-with-avocado-dip
Bean and Pepper Stir-Fry ,https://eatsmarter.com/recipes/bean-and-pepper-stir-fry
Brussels Sprouts Omelette ,https://eatsmarter.com/recipes/brussels-sprouts-omelette
Bean Salad ,https://eatsmarter.com/recipes/bean-salad-3
Brussels Sprouts Raclette ,https://eatsmarter.com/recipes/brussels-sprouts-raclette
Shrimp Omelette with Scallions ,https://eatsmarter.com/recipes/shrimp-omelette-with-scallions
Catfish with Bell Pepper Sauce and Potatoes ,https://eatsmarter.com/recipes/catfish-with-bell-pepper-sauce-and-potatoes
Fish Casserole ,https://eatsmarter.com/recipes/fish-casserole-1
Grilled Mackerel ,https://eatsmarter.com/recipes/grilled-mackerel-2
Ground Beef Stuffed Peppers ,https://eatsmarter.com/recipes/ground-beef-stuffed-peppers
Grilled Tuna ,https://eatsmarter.com/recipes/grilled-tuna
Cheese with Wild Garlic ,https://eatsmarter.com/recipes/cheese-with-wild-garlic
Zucchini Cheese Rolls ,https://eatsmarter.com/recipes/zucchini-cheese-rolls
Mixed Salad with Smoked Eel ,https://eatsmarter.com/recipes/mixed-salad-with-smoked-eel
Cheese Spread ,https://eatsmarter.com/recipes/cheese-spread
Zucchini Stuffed with Cheese ,https://eatsmarter.com/recipes/zucchini-stuffed-with-cheese
Salmon Rillette ,https://eatsmarter.com/recipes/salmon-rillette
Spicy Beef Goulash ,https://eatsmarter.com/recipes/spicy-beef-goulash
Crayfish Omelet ,https://eatsmarter.com/recipes/crayfish-omelet
Egg in Glass ,https://eatsmarter.com/recipes/egg-in-glass
Grilled Chicken Leg Quarters ,https://eatsmarter.com/recipes/grilled-chicken-leg-quarters
Omelet with Spinach ,https://eatsmarter.com/recipes/omelet-with-spinach-0
Tuna-stuffed Zucchini Appetizers ,https://eatsmarter.com/recipes/tuna-stuffed-zucchini-appetizers
Cress Salad ,https://eatsmarter.com/recipes/cress-salad
Scallop and Chicken Skewers ,https://eatsmarter.com/recipes/scallop-and-chicken-skewers
Arugula Salad with Blood Orange Vinaigrette ,https://eatsmarter.com/recipes/arugula-salad-with-blood-orange-vinaigrette
Homemade Salsa Verde ,https://eatsmarter.com/recipes/homemade-salsa-verde
Pan Seared Duck Breast ,https://eatsmarter.com/recipes/pan-seared-duck-breast
Smoked Fish and Spinach Cream ,https://eatsmarter.com/recipes/smoked-fish-and-spinach-cream
Baked Chicken with Tomatoes ,https://eatsmarter.com/recipes/baked-chicken-with-tomatoes
Bean Salad with Tuna ,https://eatsmarter.com/recipes/bean-salad-with-tuna-2
Tomato Herb Gratin ,https://eatsmarter.com/recipes/tomato-herb-gratin
Salad with Shrimp and Capers ,https://eatsmarter.com/recipes/salad-with-shrimp-and-capers
Lamb Medallions with Glazed Carrots ,https://eatsmarter.com/recipes/lamb-medallions-with-glazed-carrots
Lamb Fillet with Papaya and Mushroom Salad ,https://eatsmarter.com/recipes/lamb-fillet-with-papaya-and-mushroom-salad
Spanish Potato Tortilla with Red Bell Pepper and Peas ,https://eatsmarter.com/recipes/spanish-potato-tortilla-with-red-bell-pepper-and-peas
Meatballs ,https://eatsmarter.com/recipes/meatballs-26
Poached Salmon with Creamy Kohlrabi ,https://eatsmarter.com/recipes/poached-salmon-with-creamy-kohlrabi
Red Peppers with Feta Cheese ,https://eatsmarter.com/recipes/red-peppers-with-feta-cheese
Chicken and Bell Pepper Skillet ,https://eatsmarter.com/recipes/chicken-and-bell-pepper-skillet
Duck Breasts with Brussels Sprouts ,https://eatsmarter.com/recipes/duck-breasts-with-brussels-sprouts
Smoked Fish Salad ,https://eatsmarter.com/recipes/smoked-fish-salad-0
Strawberries with Fromage Frais and Rosemary ,https://eatsmarter.com/recipes/strawberries-with-fromage-frais-and-rosemary
Asian Pork and Vegetable Stir-fry ,https://eatsmarter.com/recipes/asian-pork-and-vegetable-stir-fry
Grilled Zucchini with Parsley Dressing ,https://eatsmarter.com/recipes/grilled-zucchini-with-parsley-dressing
Arugula Salad with Fried Mushrooms ,https://eatsmarter.com/recipes/arugula-salad-with-fried-mushrooms-0
Beetroot with Cheese Filling ,https://eatsmarter.com/recipes/beetroot-with-cheese-filling
Cucumbers with Tuna Salad Filling ,https://eatsmarter.com/recipes/cucumbers-with-tuna-salad-filling
Olive Butter ,https://eatsmarter.com/recipes/olive-butter-0
Tomato Mozzarella Salad ,https://eatsmarter.com/recipes/tomato-mozzarella-salad-1
Fried Eggs ,https://eatsmarter.com/recipes/fried-eggs-0
Grilled Steaks with Rosemary ,https://eatsmarter.com/recipes/grilled-steaks-with-rosemary
Asparagus with Fried Egg ,https://eatsmarter.com/recipes/asparagus-with-fried-egg
Lukewarm Asparagus Salad with Strawberries ,https://eatsmarter.com/recipes/lukewarm-asparagus-salad-with-strawberries
Baked Spinach with Eggs ,https://eatsmarter.com/recipes/baked-spinach-with-eggs
Turkey Meatball with Cream Sauce ,https://eatsmarter.com/recipes/turkey-meatball-with-cream-sauce
Stuffed Meatballs with Cucumber Salad ,https://eatsmarter.com/recipes/stuffed-meatballs-with-cucumber-salad
Chicken Caesar Salad ,https://eatsmarter.com/recipes/chicken-caesar-salad-2
Shrimp Salad Stuffed Cucumbers ,https://eatsmarter.com/recipes/shrimp-salad-stuffed-cucumbers
Broad Bean Salad with Cheese ,https://eatsmarter.com/recipes/broad-bean-salad-with-cheese
Chili Con Carne ,https://eatsmarter.com/recipes/chili-con-carne-24
Bell Pepper Salad with Mozzarella and Basil ,https://eatsmarter.com/recipes/bell-pepper-salad-with-mozzarella-and-basil
Chicken Breasts with Anchovy Crust and Cherry Tomato Salad ,https://eatsmarter.com/recipes/chicken-breasts-with-anchovy-crust-and-cherry-tomato-salad
Mushroom Soup ,https://eatsmarter.com/recipes/mushroom-soup-8
Meatballs ,https://eatsmarter.com/recipes/meatballs-27
Tomatoes with Parsley Pesto ,https://eatsmarter.com/recipes/tomatoes-with-parsley-pesto
Tomato-Mozzarella Salad with Iceberg Lettuce ,https://eatsmarter.com/recipes/tomato-mozzarella-salad-with-iceberg-lettuce
Creamy Carrot Soup ,https://eatsmarter.com/recipes/creamy-carrot-soup-9
Braised Belgian Endive ,https://eatsmarter.com/recipes/braised-belgian-endive
Stuffed Peppers with Tuna ,https://eatsmarter.com/recipes/stuffed-peppers-with-tuna
"Spanish Onion Stuffed with Spinach, Anchovy and Cheese ",https://eatsmarter.com/recipes/spanish-onion-stuffed-with-spinach-anchovy-and-cheese
Greek Salad with Feta and Olives ,https://eatsmarter.com/recipes/greek-salad-with-feta-and-olives
Mixed Green Salad ,https://eatsmarter.com/recipes/mixed-green-salad-1
Swiss Chard Salad ,https://eatsmarter.com/recipes/swiss-chard-salad
Sprout Salad with Herbs ,https://eatsmarter.com/recipes/sprout-salad-with-herbs
Greek Salad with Chicken ,https://eatsmarter.com/recipes/greek-salad-with-chicken-0
Trout with Herb Mushrooms ,https://eatsmarter.com/recipes/trout-with-herb-mushrooms
Individual Ham and Mushroom Soufflés ,https://eatsmarter.com/recipes/individual-ham-and-mushroom-souffles
Cod with Herb Sauce ,https://eatsmarter.com/recipes/cod-with-herb-sauce
Basil Cream Cheese Stuffed Cherry Tomatoes ,https://eatsmarter.com/recipes/basil-cream-cheese-stuffed-cherry-tomatoes
Chicken Skewers with Pesto Sauce ,https://eatsmarter.com/recipes/chicken-skewers-with-pesto-sauce
Vegetable Frittata ,https://eatsmarter.com/recipes/vegetable-frittata-11
Grilled Shrimp with Lemon ,https://eatsmarter.com/recipes/grilled-shrimp-with-lemon
Salmon and Zucchini Flatbreads ,https://eatsmarter.com/recipes/salmon-and-zucchini-flatbreads
"Grilled Salmon, Monkfish and Red Mullet Skewers ",https://eatsmarter.com/recipes/grilled-salmon-monkfish-and-red-mullet-skewers
"Salad with Figs, Feta, Tomatoes and Pine Nuts ",https://eatsmarter.com/recipes/salad-with-figs-feta-tomatoes-and-pine-nuts
Chicken and Kumquat Kebabs ,https://eatsmarter.com/recipes/chicken-and-kumquat-kebabs
Marinated Hanger Steak ,https://eatsmarter.com/recipes/marinated-hanger-steak
Asian Mushroom Salad ,https://eatsmarter.com/recipes/asian-mushroom-salad
Apricot Rosemary Skewers ,https://eatsmarter.com/recipes/apricot-rosemary-skewers
Garlic Shrimp with Lime and Aioli ,https://eatsmarter.com/recipes/garlic-shrimp-with-lime-and-aioli
Blueberry Yogurt Ice Cream Bars ,https://eatsmarter.com/recipes/blueberry-yogurt-ice-cream-bars
Seared Scallops In White Wine Sauce ,https://eatsmarter.com/recipes/seared-scallops-in-white-wine-sauce
Spinach and Feta Mini Frittatas ,https://eatsmarter.com/recipes/spinach-and-feta-mini-frittatas
Prawn Cocktail with Avocado ,https://eatsmarter.com/recipes/prawn-cocktail-with-avocado
Vegetarian Hummus with Vegetable Crisps ,https://eatsmarter.com/recipes/vegetarian-hummus-with-vegetable-crisps
Grilled Bok Choy with Halibut ,https://eatsmarter.com/recipes/grilled-bok-choy-with-halibut
Pollock Tartare ,https://eatsmarter.com/recipes/pollock-tartare
Garlic Shrimp with Cherry Tomatoes ,https://eatsmarter.com/recipes/garlic-shrimp-with-cherry-tomatoes
Ground Meat Cutlets ,https://eatsmarter.com/recipes/ground-meat-cutlets
Quick Vegetable Soup ,https://eatsmarter.com/recipes/quick-vegetable-soup-0
Tomato Basil Ricotta Salad ,https://eatsmarter.com/recipes/tomato-basil-ricotta-salad
Tomato Zucchini Salad with Feta ,https://eatsmarter.com/recipes/tomato-zucchini-salad-with-feta
Colourful Pizza Soup ,https://eatsmarter.com/recipes/colourful-pizza-soup
Honey Skyr with Nuts  (Icelandic Yogurt) ,https://eatsmarter.com/recipes/honey-skyr-with-nuts-icelandic-yogurt
Paprika Omelette with Herbs ,https://eatsmarter.com/recipes/paprika-omelette-with-herbs
FroYo Bites ,https://eatsmarter.com/recipes/froyo-bites
Asparagus and Basil Omelette ,https://eatsmarter.com/recipes/asparagus-and-basil-omelette
Herb Omelette with Green Asparagus and Salmon ,https://eatsmarter.com/recipes/herb-omelette-with-green-asparagus-and-salmon
Matcha Coconut Cookies ,https://eatsmarter.com/recipes/matcha-coconut-cookies
Shakshuka with Tomatoes and Zucchini ,https://eatsmarter.com/recipes/shakshuka-with-tomatoes-and-zucchini
Cheddar Cheese Omelette with Mushrooms ,https://eatsmarter.com/recipes/cheddar-cheese-omelette-with-mushrooms
Cod Fillet on Sauerkraut ,https://eatsmarter.com/recipes/cod-fillet-on-sauerkraut
Garlic Bread ,https://eatsmarter.com/recipes/garlic-bread-4
Radish Guacamole ,https://eatsmarter.com/recipes/radish-guacamole
Chicken Breast with Nectarine-Tomato Salsa ,https://eatsmarter.com/recipes/chicken-breast-with-nectarine-tomato-salsa
Vegetarian English Breakfast ,https://eatsmarter.com/recipes/vegetarian-english-breakfast
Spicy Pumpkin Soup with Olive Mozzarella Skewers ,https://eatsmarter.com/recipes/spicy-pumpkin-soup-with-olive-mozzarella-skewers
Zucchini Noodles with Arugula Pesto and Chicken Breast ,https://eatsmarter.com/recipes/zucchini-noodles-with-arugula-pesto-and-chicken-breast
Asian Scrambled Eggs ,https://eatsmarter.com/recipes/asian-scrambled-eggs
Asparagus and Orange Salad ,https://eatsmarter.com/recipes/asparagus-and-orange-salad
Vegan Mushroom Ragout with Broccoli ,https://eatsmarter.com/recipes/vegan-mushroom-ragout-with-broccoli
Turkey Breast with Bell Peppers ,https://eatsmarter.com/recipes/turkey-breast-with-bell-peppers
Schnitzels with Creamy Mushroom Sauce ,https://eatsmarter.com/recipes/schnitzels-with-creamy-mushroom-sauce
Stuffed Bell Peppers with Ground Turkey ,https://eatsmarter.com/recipes/stuffed-bell-peppers-with-ground-turkey
Roasted Cauliflower Steaks with Yogurt White Bean Dip ,https://eatsmarter.com/recipes/roasted-cauliflower-steaks-with-yogurt-white-bean-dip
Chicken Breast with Avocado Cauliflower Mash ,https://eatsmarter.com/recipes/chicken-breast-with-avocado-cauliflower-mash
Turkey and Broccoli Gratin with Almonds ,https://eatsmarter.com/recipes/turkey-and-broccoli-gratin-with-almonds
Steak Roll Ups with Figs ,https://eatsmarter.com/recipes/steak-roll-ups-with-figs
Low-Carb Teriyaki Tofu Bowl ,https://eatsmarter.com/recipes/low-carb-teriyaki-tofu-bowl
Lemon Chicken with Green Asparagus ,https://eatsmarter.com/recipes/lemon-chicken-with-green-asparagus
Broccoli Au Gratin with Curry Dip ,https://eatsmarter.com/recipes/broccoli-au-gratin-with-curry-dip
Zucchini Fries with Pesto Dip ,https://eatsmarter.com/recipes/zucchini-fries-with-pesto-dip
Coconut Crusted Chicken Escalope ,https://eatsmarter.com/recipes/coconut-crusted-chicken-escalope
Top Round Steak with Tomatoes ,https://eatsmarter.com/recipes/top-round-steak-with-tomatoes
Spicy Salmon Fillet ,https://eatsmarter.com/recipes/spicy-salmon-fillet
Oven Baked Nuts ,https://eatsmarter.com/recipes/oven-baked-nuts
Ginger Soup ,https://eatsmarter.com/recipes/ginger-soup
Hearty Protein Bread ,https://eatsmarter.com/recipes/hearty-protein-bread
Salmon with Wild Garlic Crust ,https://eatsmarter.com/recipes/salmon-with-wild-garlic-crust
Thai Steak Salad ,https://eatsmarter.com/recipes/thai-steak-salad
Baked Parsnips with Parsley ,https://eatsmarter.com/recipes/baked-parsnips-with-parsley
Steamed Cod and Leeks ,https://eatsmarter.com/recipes/steamed-cod-and-leeks
Lemon Asparagus Chicken ,https://eatsmarter.com/recipes/lemon-asparagus-chicken
Low Carb Marble Cake ,https://eatsmarter.com/recipes/low-carb-marble-cake
Prawns on Celery and Radish ,https://eatsmarter.com/recipes/prawns-on-celery-and-radish
Warm Goat Cheese and Pine Nuts ,https://eatsmarter.com/recipes/warm-goat-cheese-and-pine-nuts
Crispy Duck ,https://eatsmarter.com/recipes/crispy-duck
Oven Vegetables with Mozzarella ,https://eatsmarter.com/recipes/oven-vegetables-with-mozzarella
Steamed Salmon Fillet ,https://eatsmarter.com/recipes/steamed-salmon-fillet
Marinated Sesame Salmon ,https://eatsmarter.com/recipes/marinated-sesame-salmon
Spicy Eggs ,https://eatsmarter.com/recipes/spicy-eggs
Poached Eggs ,https://eatsmarter.com/recipes/poached-eggs
Goulash ,https://eatsmarter.com/recipes/goulash
Mediterranean Shrimp and Chiles ,https://eatsmarter.com/recipes/mediterranean-shrimp-and-chiles
Carrot and Ginger Soup ,https://eatsmarter.com/recipes/carrot-and-ginger-soup
Moroccan Spinach Salad ,https://eatsmarter.com/recipes/moroccan-spinach-salad
Spinach Salad with Rhubarb and Feta ,https://eatsmarter.com/recipes/spinach-salad-with-rhubarb-and-feta
Mini Eggplant Pizza ,https://eatsmarter.com/recipes/mini-eggplant-pizza
Zucchini Carrot Noodles with Poached Chicken ,https://eatsmarter.com/recipes/zucchini-carrot-noodles-with-poached-chicken
Cauliflower Rice (Risotto) with Pecorino Cheese ,https://eatsmarter.com/recipes/cauliflower-rice-risotto-with-pecorino-cheese
Shrimp Asparagus Salad ,https://eatsmarter.com/recipes/shrimp-asparagus-salad
Avocado Smoothie ,https://eatsmarter.com/recipes/avocado-smoothie
Chicken and Mushroom Skewers ,https://eatsmarter.com/recipes/chicken-and-mushroom-skewers
Spring Salad with Halloumi Cheese ,https://eatsmarter.com/recipes/spring-salad-with-halloumi-cheese
Flaxseed Pancakes Filled with Smoked Salmon ,https://eatsmarter.com/recipes/flaxseed-pancakes-filled-with-smoked-salmon
Wild Garlic Cream Cheese Spread ,https://eatsmarter.com/recipes/wild-garlic-cream-cheese-spread
Shaved Fennel Salad ,https://eatsmarter.com/recipes/shaved-fennel-salad
Grilled Steelhead Trout ,https://eatsmarter.com/recipes/grilled-steelhead-trout
Chicken Tagine ,https://eatsmarter.com/recipes/chicken-tagine
